date,sku,units_sold
2026-04-03,ELC-1001,40
2026-04-04,ELC-1001,47
2026-04-05,ELC-1001,52
2026-04-06,ELC-1001,48
2026-04-07,ELC-1001,48
2026-04-08,ELC-1001,55
2026-04-09,ELC-1001,42
2026-04-10,ELC-1001,45
2026-04-11,ELC-1001,46
2026-04-12,ELC-1001,44
2026-04-13,ELC-1001,43
2026-04-14,ELC-1001,41
2026-04-15,ELC-1001,42
2026-04-16,ELC-1001,46
2026-04-17,ELC-1001,50
2026-04-18,ELC-1001,42
2026-04-19,ELC-1001,41
2026-04-20,ELC-1001,44
2026-04-21,ELC-1001,40
2026-04-22,ELC-1001,104
2026-04-23,ELC-1001,48
2026-04-24,ELC-1001,46
2026-04-25,ELC-1001,48
2026-04-26,ELC-1001,35
2026-04-27,ELC-1001,40
2026-04-28,ELC-1001,43
2026-04-29,ELC-1001,52
2026-04-30,ELC-1001,96
2026-05-01,ELC-1001,41
2026-05-02,ELC-1001,51
2026-05-03,ELC-1001,43
2026-05-04,ELC-1001,58
2026-05-05,ELC-1001,45
2026-05-06,ELC-1001,48
2026-05-07,ELC-1001,38
2026-05-08,ELC-1001,49
2026-05-09,ELC-1001,47
2026-05-10,ELC-1001,47
2026-05-11,ELC-1001,38
2026-05-12,ELC-1001,53
2026-05-13,ELC-1001,57
2026-05-14,ELC-1001,48
2026-05-15,ELC-1001,78
2026-05-16,ELC-1001,46
2026-05-17,ELC-1001,39
2026-05-18,ELC-1001,104
2026-05-19,ELC-1001,45
2026-05-20,ELC-1001,47
2026-05-21,ELC-1001,44
2026-05-22,ELC-1001,43
2026-05-23,ELC-1001,49
2026-05-24,ELC-1001,54
2026-05-25,ELC-1001,44
2026-05-26,ELC-1001,49
2026-05-27,ELC-1001,39
2026-05-28,ELC-1001,40
2026-05-29,ELC-1001,32
2026-05-30,ELC-1001,39
2026-05-31,ELC-1001,45
2026-06-01,ELC-1001,42
2026-06-02,ELC-1001,56
2026-06-03,ELC-1001,37
2026-06-04,ELC-1001,41
2026-06-05,ELC-1001,39
2026-06-06,ELC-1001,53
2026-06-07,ELC-1001,49
2026-06-08,ELC-1001,39
2026-06-09,ELC-1001,38
2026-06-10,ELC-1001,32
2026-06-11,ELC-1001,46
2026-06-12,ELC-1001,31
2026-06-13,ELC-1001,43
2026-06-14,ELC-1001,76
2026-06-15,ELC-1001,39
2026-06-16,ELC-1001,39
2026-06-17,ELC-1001,42
2026-06-18,ELC-1001,36
2026-06-19,ELC-1001,47
2026-06-20,ELC-1001,49
2026-06-21,ELC-1001,42
2026-06-22,ELC-1001,48
2026-06-23,ELC-1001,36
2026-06-24,ELC-1001,41
2026-06-25,ELC-1001,41
2026-06-26,ELC-1001,32
2026-06-27,ELC-1001,57
2026-06-28,ELC-1001,44
2026-06-29,ELC-1001,41
2026-06-30,ELC-1001,35
2026-07-01,ELC-1001,39
2026-04-03,ELC-1002,39
2026-04-04,ELC-1002,33
2026-04-05,ELC-1002,42
2026-04-06,ELC-1002,33
2026-04-07,ELC-1002,36
2026-04-08,ELC-1002,40
2026-04-09,ELC-1002,38
2026-04-10,ELC-1002,34
2026-04-11,ELC-1002,35
2026-04-12,ELC-1002,36
2026-04-13,ELC-1002,29
2026-04-14,ELC-1002,31
2026-04-15,ELC-1002,35
2026-04-16,ELC-1002,35
2026-04-17,ELC-1002,36
2026-04-18,ELC-1002,29
2026-04-19,ELC-1002,36
2026-04-20,ELC-1002,44
2026-04-21,ELC-1002,31
2026-04-22,ELC-1002,64
2026-04-23,ELC-1002,34
2026-04-24,ELC-1002,25
2026-04-25,ELC-1002,34
2026-04-26,ELC-1002,34
2026-04-27,ELC-1002,35
2026-04-28,ELC-1002,27
2026-04-29,ELC-1002,33
2026-04-30,ELC-1002,57
2026-05-01,ELC-1002,39
2026-05-02,ELC-1002,46
2026-05-03,ELC-1002,32
2026-05-04,ELC-1002,22
2026-05-05,ELC-1002,34
2026-05-06,ELC-1002,37
2026-05-07,ELC-1002,42
2026-05-08,ELC-1002,36
2026-05-09,ELC-1002,35
2026-05-10,ELC-1002,31
2026-05-11,ELC-1002,30
2026-05-12,ELC-1002,25
2026-05-13,ELC-1002,27
2026-05-14,ELC-1002,33
2026-05-15,ELC-1002,68
2026-05-16,ELC-1002,36
2026-05-17,ELC-1002,29
2026-05-18,ELC-1002,55
2026-05-19,ELC-1002,36
2026-05-20,ELC-1002,37
2026-05-21,ELC-1002,35
2026-05-22,ELC-1002,30
2026-05-23,ELC-1002,22
2026-05-24,ELC-1002,31
2026-05-25,ELC-1002,28
2026-05-26,ELC-1002,27
2026-05-27,ELC-1002,21
2026-05-28,ELC-1002,26
2026-05-29,ELC-1002,29
2026-05-30,ELC-1002,20
2026-05-31,ELC-1002,23
2026-06-01,ELC-1002,25
2026-06-02,ELC-1002,29
2026-06-03,ELC-1002,27
2026-06-04,ELC-1002,27
2026-06-05,ELC-1002,29
2026-06-06,ELC-1002,27
2026-06-07,ELC-1002,30
2026-06-08,ELC-1002,40
2026-06-09,ELC-1002,38
2026-06-10,ELC-1002,24
2026-06-11,ELC-1002,36
2026-06-12,ELC-1002,35
2026-06-13,ELC-1002,37
2026-06-14,ELC-1002,32
2026-06-15,ELC-1002,34
2026-06-16,ELC-1002,32
2026-06-17,ELC-1002,35
2026-06-18,ELC-1002,26
2026-06-19,ELC-1002,26
2026-06-20,ELC-1002,35
2026-06-21,ELC-1002,27
2026-06-22,ELC-1002,30
2026-06-23,ELC-1002,36
2026-06-24,ELC-1002,32
2026-06-25,ELC-1002,29
2026-06-26,ELC-1002,32
2026-06-27,ELC-1002,39
2026-06-28,ELC-1002,33
2026-06-29,ELC-1002,21
2026-06-30,ELC-1002,31
2026-07-01,ELC-1002,39
2026-04-03,ELC-1003,61
2026-04-04,ELC-1003,68
2026-04-05,ELC-1003,44
2026-04-06,ELC-1003,57
2026-04-07,ELC-1003,47
2026-04-08,ELC-1003,51
2026-04-09,ELC-1003,54
2026-04-10,ELC-1003,52
2026-04-11,ELC-1003,51
2026-04-12,ELC-1003,57
2026-04-13,ELC-1003,57
2026-04-14,ELC-1003,63
2026-04-15,ELC-1003,51
2026-04-16,ELC-1003,56
2026-04-17,ELC-1003,52
2026-04-18,ELC-1003,50
2026-04-19,ELC-1003,56
2026-04-20,ELC-1003,55
2026-04-21,ELC-1003,55
2026-04-22,ELC-1003,88
2026-04-23,ELC-1003,68
2026-04-24,ELC-1003,61
2026-04-25,ELC-1003,66
2026-04-26,ELC-1003,51
2026-04-27,ELC-1003,60
2026-04-28,ELC-1003,61
2026-04-29,ELC-1003,65
2026-04-30,ELC-1003,91
2026-05-01,ELC-1003,48
2026-05-02,ELC-1003,70
2026-05-03,ELC-1003,62
2026-05-04,ELC-1003,52
2026-05-05,ELC-1003,53
2026-05-06,ELC-1003,56
2026-05-07,ELC-1003,62
2026-05-08,ELC-1003,58
2026-05-09,ELC-1003,58
2026-05-10,ELC-1003,73
2026-05-11,ELC-1003,50
2026-05-12,ELC-1003,53
2026-05-13,ELC-1003,53
2026-05-14,ELC-1003,66
2026-05-15,ELC-1003,102
2026-05-16,ELC-1003,73
2026-05-17,ELC-1003,75
2026-05-18,ELC-1003,135
2026-05-19,ELC-1003,65
2026-05-20,ELC-1003,58
2026-05-21,ELC-1003,66
2026-05-22,ELC-1003,50
2026-05-23,ELC-1003,63
2026-05-24,ELC-1003,69
2026-05-25,ELC-1003,57
2026-05-26,ELC-1003,53
2026-05-27,ELC-1003,54
2026-05-28,ELC-1003,58
2026-05-29,ELC-1003,50
2026-05-30,ELC-1003,50
2026-05-31,ELC-1003,62
2026-06-01,ELC-1003,65
2026-06-02,ELC-1003,67
2026-06-03,ELC-1003,56
2026-06-04,ELC-1003,55
2026-06-05,ELC-1003,63
2026-06-06,ELC-1003,70
2026-06-07,ELC-1003,69
2026-06-08,ELC-1003,66
2026-06-09,ELC-1003,52
2026-06-10,ELC-1003,70
2026-06-11,ELC-1003,60
2026-06-12,ELC-1003,57
2026-06-13,ELC-1003,76
2026-06-14,ELC-1003,127
2026-06-15,ELC-1003,55
2026-06-16,ELC-1003,59
2026-06-17,ELC-1003,52
2026-06-18,ELC-1003,57
2026-06-19,ELC-1003,64
2026-06-20,ELC-1003,64
2026-06-21,ELC-1003,70
2026-06-22,ELC-1003,66
2026-06-23,ELC-1003,52
2026-06-24,ELC-1003,59
2026-06-25,ELC-1003,48
2026-06-26,ELC-1003,56
2026-06-27,ELC-1003,67
2026-06-28,ELC-1003,65
2026-06-29,ELC-1003,57
2026-06-30,ELC-1003,61
2026-07-01,ELC-1003,62
2026-04-03,ELC-1004,22
2026-04-04,ELC-1004,24
2026-04-05,ELC-1004,36
2026-04-06,ELC-1004,19
2026-04-07,ELC-1004,31
2026-04-08,ELC-1004,32
2026-04-09,ELC-1004,30
2026-04-10,ELC-1004,25
2026-04-11,ELC-1004,19
2026-04-12,ELC-1004,21
2026-04-13,ELC-1004,22
2026-04-14,ELC-1004,34
2026-04-15,ELC-1004,25
2026-04-16,ELC-1004,30
2026-04-17,ELC-1004,32
2026-04-18,ELC-1004,34
2026-04-19,ELC-1004,21
2026-04-20,ELC-1004,28
2026-04-21,ELC-1004,37
2026-04-22,ELC-1004,57
2026-04-23,ELC-1004,30
2026-04-24,ELC-1004,33
2026-04-25,ELC-1004,24
2026-04-26,ELC-1004,29
2026-04-27,ELC-1004,36
2026-04-28,ELC-1004,23
2026-04-29,ELC-1004,26
2026-04-30,ELC-1004,64
2026-05-01,ELC-1004,29
2026-05-02,ELC-1004,28
2026-05-03,ELC-1004,31
2026-05-04,ELC-1004,33
2026-05-05,ELC-1004,30
2026-05-06,ELC-1004,30
2026-05-07,ELC-1004,21
2026-05-08,ELC-1004,20
2026-05-09,ELC-1004,27
2026-05-10,ELC-1004,31
2026-05-11,ELC-1004,37
2026-05-12,ELC-1004,31
2026-05-13,ELC-1004,25
2026-05-14,ELC-1004,32
2026-05-15,ELC-1004,74
2026-05-16,ELC-1004,35
2026-05-17,ELC-1004,43
2026-05-18,ELC-1004,55
2026-05-19,ELC-1004,33
2026-05-20,ELC-1004,38
2026-05-21,ELC-1004,39
2026-05-22,ELC-1004,33
2026-05-23,ELC-1004,38
2026-05-24,ELC-1004,29
2026-05-25,ELC-1004,29
2026-05-26,ELC-1004,36
2026-05-27,ELC-1004,31
2026-05-28,ELC-1004,31
2026-05-29,ELC-1004,36
2026-05-30,ELC-1004,31
2026-05-31,ELC-1004,35
2026-06-01,ELC-1004,25
2026-06-02,ELC-1004,35
2026-06-03,ELC-1004,38
2026-06-04,ELC-1004,38
2026-06-05,ELC-1004,21
2026-06-06,ELC-1004,33
2026-06-07,ELC-1004,25
2026-06-08,ELC-1004,28
2026-06-09,ELC-1004,37
2026-06-10,ELC-1004,35
2026-06-11,ELC-1004,34
2026-06-12,ELC-1004,31
2026-06-13,ELC-1004,32
2026-06-14,ELC-1004,71
2026-06-15,ELC-1004,38
2026-06-16,ELC-1004,40
2026-06-17,ELC-1004,43
2026-06-18,ELC-1004,32
2026-06-19,ELC-1004,26
2026-06-20,ELC-1004,30
2026-06-21,ELC-1004,28
2026-06-22,ELC-1004,27
2026-06-23,ELC-1004,33
2026-06-24,ELC-1004,31
2026-06-25,ELC-1004,38
2026-06-26,ELC-1004,33
2026-06-27,ELC-1004,24
2026-06-28,ELC-1004,52
2026-06-29,ELC-1004,26
2026-06-30,ELC-1004,40
2026-07-01,ELC-1004,35
2026-04-03,ELC-1005,11
2026-04-04,ELC-1005,10
2026-04-05,ELC-1005,6
2026-04-06,ELC-1005,7
2026-04-07,ELC-1005,16
2026-04-08,ELC-1005,3
2026-04-09,ELC-1005,4
2026-04-10,ELC-1005,4
2026-04-11,ELC-1005,8
2026-04-12,ELC-1005,5
2026-04-13,ELC-1005,7
2026-04-14,ELC-1005,5
2026-04-15,ELC-1005,15
2026-04-16,ELC-1005,7
2026-04-17,ELC-1005,13
2026-04-18,ELC-1005,10
2026-04-19,ELC-1005,8
2026-04-20,ELC-1005,7
2026-04-21,ELC-1005,5
2026-04-22,ELC-1005,29
2026-04-23,ELC-1005,12
2026-04-24,ELC-1005,8
2026-04-25,ELC-1005,14
2026-04-26,ELC-1005,16
2026-04-27,ELC-1005,7
2026-04-28,ELC-1005,9
2026-04-29,ELC-1005,13
2026-04-30,ELC-1005,23
2026-05-01,ELC-1005,7
2026-05-02,ELC-1005,14
2026-05-03,ELC-1005,13
2026-05-04,ELC-1005,4
2026-05-05,ELC-1005,12
2026-05-06,ELC-1005,12
2026-05-07,ELC-1005,9
2026-05-08,ELC-1005,14
2026-05-09,ELC-1005,15
2026-05-10,ELC-1005,12
2026-05-11,ELC-1005,8
2026-05-12,ELC-1005,13
2026-05-13,ELC-1005,19
2026-05-14,ELC-1005,13
2026-05-15,ELC-1005,17
2026-05-16,ELC-1005,14
2026-05-17,ELC-1005,16
2026-05-18,ELC-1005,21
2026-05-19,ELC-1005,7
2026-05-20,ELC-1005,5
2026-05-21,ELC-1005,10
2026-05-22,ELC-1005,9
2026-05-23,ELC-1005,21
2026-05-24,ELC-1005,11
2026-05-25,ELC-1005,12
2026-05-26,ELC-1005,8
2026-05-27,ELC-1005,8
2026-05-28,ELC-1005,12
2026-05-29,ELC-1005,12
2026-05-30,ELC-1005,12
2026-05-31,ELC-1005,15
2026-06-01,ELC-1005,16
2026-06-02,ELC-1005,14
2026-06-03,ELC-1005,6
2026-06-04,ELC-1005,8
2026-06-05,ELC-1005,5
2026-06-06,ELC-1005,17
2026-06-07,ELC-1005,16
2026-06-08,ELC-1005,8
2026-06-09,ELC-1005,15
2026-06-10,ELC-1005,7
2026-06-11,ELC-1005,12
2026-06-12,ELC-1005,12
2026-06-13,ELC-1005,14
2026-06-14,ELC-1005,26
2026-06-15,ELC-1005,12
2026-06-16,ELC-1005,15
2026-06-17,ELC-1005,3
2026-06-18,ELC-1005,11
2026-06-19,ELC-1005,12
2026-06-20,ELC-1005,13
2026-06-21,ELC-1005,11
2026-06-22,ELC-1005,11
2026-06-23,ELC-1005,8
2026-06-24,ELC-1005,13
2026-06-25,ELC-1005,12
2026-06-26,ELC-1005,6
2026-06-27,ELC-1005,10
2026-06-28,ELC-1005,12
2026-06-29,ELC-1005,13
2026-06-30,ELC-1005,15
2026-07-01,ELC-1005,12
2026-04-03,ELC-1006,17
2026-04-04,ELC-1006,19
2026-04-05,ELC-1006,15
2026-04-06,ELC-1006,17
2026-04-07,ELC-1006,24
2026-04-08,ELC-1006,23
2026-04-09,ELC-1006,20
2026-04-10,ELC-1006,17
2026-04-11,ELC-1006,17
2026-04-12,ELC-1006,17
2026-04-13,ELC-1006,18
2026-04-14,ELC-1006,20
2026-04-15,ELC-1006,12
2026-04-16,ELC-1006,17
2026-04-17,ELC-1006,25
2026-04-18,ELC-1006,19
2026-04-19,ELC-1006,17
2026-04-20,ELC-1006,18
2026-04-21,ELC-1006,19
2026-04-22,ELC-1006,32
2026-04-23,ELC-1006,29
2026-04-24,ELC-1006,17
2026-04-25,ELC-1006,20
2026-04-26,ELC-1006,19
2026-04-27,ELC-1006,22
2026-04-28,ELC-1006,25
2026-04-29,ELC-1006,20
2026-04-30,ELC-1006,37
2026-05-01,ELC-1006,16
2026-05-02,ELC-1006,12
2026-05-03,ELC-1006,20
2026-05-04,ELC-1006,18
2026-05-05,ELC-1006,22
2026-05-06,ELC-1006,21
2026-05-07,ELC-1006,20
2026-05-08,ELC-1006,20
2026-05-09,ELC-1006,13
2026-05-10,ELC-1006,14
2026-05-11,ELC-1006,23
2026-05-12,ELC-1006,16
2026-05-13,ELC-1006,24
2026-05-14,ELC-1006,25
2026-05-15,ELC-1006,38
2026-05-16,ELC-1006,20
2026-05-17,ELC-1006,23
2026-05-18,ELC-1006,28
2026-05-19,ELC-1006,19
2026-05-20,ELC-1006,26
2026-05-21,ELC-1006,26
2026-05-22,ELC-1006,17
2026-05-23,ELC-1006,17
2026-05-24,ELC-1006,21
2026-05-25,ELC-1006,19
2026-05-26,ELC-1006,21
2026-05-27,ELC-1006,19
2026-05-28,ELC-1006,21
2026-05-29,ELC-1006,22
2026-05-30,ELC-1006,19
2026-05-31,ELC-1006,29
2026-06-01,ELC-1006,14
2026-06-02,ELC-1006,21
2026-06-03,ELC-1006,20
2026-06-04,ELC-1006,21
2026-06-05,ELC-1006,23
2026-06-06,ELC-1006,24
2026-06-07,ELC-1006,26
2026-06-08,ELC-1006,31
2026-06-09,ELC-1006,19
2026-06-10,ELC-1006,20
2026-06-11,ELC-1006,15
2026-06-12,ELC-1006,21
2026-06-13,ELC-1006,28
2026-06-14,ELC-1006,31
2026-06-15,ELC-1006,26
2026-06-16,ELC-1006,15
2026-06-17,ELC-1006,25
2026-06-18,ELC-1006,18
2026-06-19,ELC-1006,20
2026-06-20,ELC-1006,25
2026-06-21,ELC-1006,20
2026-06-22,ELC-1006,21
2026-06-23,ELC-1006,25
2026-06-24,ELC-1006,16
2026-06-25,ELC-1006,28
2026-06-26,ELC-1006,22
2026-06-27,ELC-1006,17
2026-06-28,ELC-1006,26
2026-06-29,ELC-1006,16
2026-06-30,ELC-1006,16
2026-07-01,ELC-1006,27
2026-04-03,ELC-1007,6
2026-04-04,ELC-1007,7
2026-04-05,ELC-1007,11
2026-04-06,ELC-1007,9
2026-04-07,ELC-1007,7
2026-04-08,ELC-1007,9
2026-04-09,ELC-1007,6
2026-04-10,ELC-1007,10
2026-04-11,ELC-1007,4
2026-04-12,ELC-1007,11
2026-04-13,ELC-1007,10
2026-04-14,ELC-1007,7
2026-04-15,ELC-1007,11
2026-04-16,ELC-1007,9
2026-04-17,ELC-1007,5
2026-04-18,ELC-1007,7
2026-04-19,ELC-1007,8
2026-04-20,ELC-1007,11
2026-04-21,ELC-1007,9
2026-04-22,ELC-1007,21
2026-04-23,ELC-1007,5
2026-04-24,ELC-1007,9
2026-04-25,ELC-1007,7
2026-04-26,ELC-1007,11
2026-04-27,ELC-1007,7
2026-04-28,ELC-1007,11
2026-04-29,ELC-1007,8
2026-04-30,ELC-1007,11
2026-05-01,ELC-1007,7
2026-05-02,ELC-1007,6
2026-05-03,ELC-1007,8
2026-05-04,ELC-1007,8
2026-05-05,ELC-1007,8
2026-05-06,ELC-1007,8
2026-05-07,ELC-1007,7
2026-05-08,ELC-1007,12
2026-05-09,ELC-1007,11
2026-05-10,ELC-1007,10
2026-05-11,ELC-1007,3
2026-05-12,ELC-1007,8
2026-05-13,ELC-1007,6
2026-05-14,ELC-1007,11
2026-05-15,ELC-1007,20
2026-05-16,ELC-1007,11
2026-05-17,ELC-1007,11
2026-05-18,ELC-1007,17
2026-05-19,ELC-1007,7
2026-05-20,ELC-1007,6
2026-05-21,ELC-1007,3
2026-05-22,ELC-1007,9
2026-05-23,ELC-1007,9
2026-05-24,ELC-1007,11
2026-05-25,ELC-1007,6
2026-05-26,ELC-1007,12
2026-05-27,ELC-1007,8
2026-05-28,ELC-1007,10
2026-05-29,ELC-1007,9
2026-05-30,ELC-1007,8
2026-05-31,ELC-1007,7
2026-06-01,ELC-1007,11
2026-06-02,ELC-1007,12
2026-06-03,ELC-1007,8
2026-06-04,ELC-1007,12
2026-06-05,ELC-1007,8
2026-06-06,ELC-1007,10
2026-06-07,ELC-1007,3
2026-06-08,ELC-1007,8
2026-06-09,ELC-1007,8
2026-06-10,ELC-1007,3
2026-06-11,ELC-1007,7
2026-06-12,ELC-1007,3
2026-06-13,ELC-1007,15
2026-06-14,ELC-1007,12
2026-06-15,ELC-1007,7
2026-06-16,ELC-1007,14
2026-06-17,ELC-1007,6
2026-06-18,ELC-1007,6
2026-06-19,ELC-1007,9
2026-06-20,ELC-1007,9
2026-06-21,ELC-1007,9
2026-06-22,ELC-1007,10
2026-06-23,ELC-1007,9
2026-06-24,ELC-1007,9
2026-06-25,ELC-1007,9
2026-06-26,ELC-1007,12
2026-06-27,ELC-1007,8
2026-06-28,ELC-1007,14
2026-06-29,ELC-1007,9
2026-06-30,ELC-1007,6
2026-07-01,ELC-1007,7
2026-04-03,ELC-1008,29
2026-04-04,ELC-1008,34
2026-04-05,ELC-1008,34
2026-04-06,ELC-1008,33
2026-04-07,ELC-1008,39
2026-04-08,ELC-1008,38
2026-04-09,ELC-1008,33
2026-04-10,ELC-1008,33
2026-04-11,ELC-1008,27
2026-04-12,ELC-1008,48
2026-04-13,ELC-1008,30
2026-04-14,ELC-1008,25
2026-04-15,ELC-1008,25
2026-04-16,ELC-1008,30
2026-04-17,ELC-1008,32
2026-04-18,ELC-1008,27
2026-04-19,ELC-1008,30
2026-04-20,ELC-1008,33
2026-04-21,ELC-1008,28
2026-04-22,ELC-1008,71
2026-04-23,ELC-1008,27
2026-04-24,ELC-1008,36
2026-04-25,ELC-1008,45
2026-04-26,ELC-1008,31
2026-04-27,ELC-1008,39
2026-04-28,ELC-1008,39
2026-04-29,ELC-1008,30
2026-04-30,ELC-1008,74
2026-05-01,ELC-1008,27
2026-05-02,ELC-1008,30
2026-05-03,ELC-1008,40
2026-05-04,ELC-1008,33
2026-05-05,ELC-1008,38
2026-05-06,ELC-1008,22
2026-05-07,ELC-1008,33
2026-05-08,ELC-1008,34
2026-05-09,ELC-1008,44
2026-05-10,ELC-1008,35
2026-05-11,ELC-1008,35
2026-05-12,ELC-1008,33
2026-05-13,ELC-1008,44
2026-05-14,ELC-1008,34
2026-05-15,ELC-1008,74
2026-05-16,ELC-1008,27
2026-05-17,ELC-1008,42
2026-05-18,ELC-1008,58
2026-05-19,ELC-1008,30
2026-05-20,ELC-1008,35
2026-05-21,ELC-1008,38
2026-05-22,ELC-1008,32
2026-05-23,ELC-1008,41
2026-05-24,ELC-1008,37
2026-05-25,ELC-1008,24
2026-05-26,ELC-1008,47
2026-05-27,ELC-1008,39
2026-05-28,ELC-1008,34
2026-05-29,ELC-1008,32
2026-05-30,ELC-1008,42
2026-05-31,ELC-1008,42
2026-06-01,ELC-1008,44
2026-06-02,ELC-1008,31
2026-06-03,ELC-1008,29
2026-06-04,ELC-1008,39
2026-06-05,ELC-1008,44
2026-06-06,ELC-1008,37
2026-06-07,ELC-1008,37
2026-06-08,ELC-1008,38
2026-06-09,ELC-1008,37
2026-06-10,ELC-1008,35
2026-06-11,ELC-1008,30
2026-06-12,ELC-1008,44
2026-06-13,ELC-1008,49
2026-06-14,ELC-1008,89
2026-06-15,ELC-1008,32
2026-06-16,ELC-1008,33
2026-06-17,ELC-1008,29
2026-06-18,ELC-1008,41
2026-06-19,ELC-1008,44
2026-06-20,ELC-1008,38
2026-06-21,ELC-1008,33
2026-06-22,ELC-1008,43
2026-06-23,ELC-1008,39
2026-06-24,ELC-1008,39
2026-06-25,ELC-1008,35
2026-06-26,ELC-1008,44
2026-06-27,ELC-1008,44
2026-06-28,ELC-1008,44
2026-06-29,ELC-1008,51
2026-06-30,ELC-1008,36
2026-07-01,ELC-1008,41
2026-04-03,ELC-1009,19
2026-04-04,ELC-1009,16
2026-04-05,ELC-1009,11
2026-04-06,ELC-1009,9
2026-04-07,ELC-1009,8
2026-04-08,ELC-1009,20
2026-04-09,ELC-1009,12
2026-04-10,ELC-1009,13
2026-04-11,ELC-1009,18
2026-04-12,ELC-1009,8
2026-04-13,ELC-1009,16
2026-04-14,ELC-1009,17
2026-04-15,ELC-1009,13
2026-04-16,ELC-1009,15
2026-04-17,ELC-1009,17
2026-04-18,ELC-1009,15
2026-04-19,ELC-1009,16
2026-04-20,ELC-1009,8
2026-04-21,ELC-1009,24
2026-04-22,ELC-1009,26
2026-04-23,ELC-1009,7
2026-04-24,ELC-1009,14
2026-04-25,ELC-1009,17
2026-04-26,ELC-1009,8
2026-04-27,ELC-1009,16
2026-04-28,ELC-1009,20
2026-04-29,ELC-1009,15
2026-04-30,ELC-1009,25
2026-05-01,ELC-1009,17
2026-05-02,ELC-1009,12
2026-05-03,ELC-1009,13
2026-05-04,ELC-1009,9
2026-05-05,ELC-1009,17
2026-05-06,ELC-1009,6
2026-05-07,ELC-1009,11
2026-05-08,ELC-1009,11
2026-05-09,ELC-1009,11
2026-05-10,ELC-1009,10
2026-05-11,ELC-1009,13
2026-05-12,ELC-1009,14
2026-05-13,ELC-1009,17
2026-05-14,ELC-1009,13
2026-05-15,ELC-1009,22
2026-05-16,ELC-1009,14
2026-05-17,ELC-1009,6
2026-05-18,ELC-1009,25
2026-05-19,ELC-1009,14
2026-05-20,ELC-1009,15
2026-05-21,ELC-1009,14
2026-05-22,ELC-1009,10
2026-05-23,ELC-1009,18
2026-05-24,ELC-1009,14
2026-05-25,ELC-1009,19
2026-05-26,ELC-1009,14
2026-05-27,ELC-1009,12
2026-05-28,ELC-1009,4
2026-05-29,ELC-1009,10
2026-05-30,ELC-1009,19
2026-05-31,ELC-1009,13
2026-06-01,ELC-1009,11
2026-06-02,ELC-1009,16
2026-06-03,ELC-1009,17
2026-06-04,ELC-1009,12
2026-06-05,ELC-1009,13
2026-06-06,ELC-1009,14
2026-06-07,ELC-1009,13
2026-06-08,ELC-1009,11
2026-06-09,ELC-1009,8
2026-06-10,ELC-1009,15
2026-06-11,ELC-1009,10
2026-06-12,ELC-1009,21
2026-06-13,ELC-1009,10
2026-06-14,ELC-1009,26
2026-06-15,ELC-1009,15
2026-06-16,ELC-1009,12
2026-06-17,ELC-1009,8
2026-06-18,ELC-1009,15
2026-06-19,ELC-1009,9
2026-06-20,ELC-1009,17
2026-06-21,ELC-1009,18
2026-06-22,ELC-1009,11
2026-06-23,ELC-1009,11
2026-06-24,ELC-1009,6
2026-06-25,ELC-1009,9
2026-06-26,ELC-1009,12
2026-06-27,ELC-1009,15
2026-06-28,ELC-1009,20
2026-06-29,ELC-1009,13
2026-06-30,ELC-1009,11
2026-07-01,ELC-1009,12
2026-04-03,ELC-1010,22
2026-04-04,ELC-1010,30
2026-04-05,ELC-1010,33
2026-04-06,ELC-1010,25
2026-04-07,ELC-1010,30
2026-04-08,ELC-1010,31
2026-04-09,ELC-1010,25
2026-04-10,ELC-1010,28
2026-04-11,ELC-1010,38
2026-04-12,ELC-1010,36
2026-04-13,ELC-1010,26
2026-04-14,ELC-1010,29
2026-04-15,ELC-1010,16
2026-04-16,ELC-1010,39
2026-04-17,ELC-1010,29
2026-04-18,ELC-1010,34
2026-04-19,ELC-1010,30
2026-04-20,ELC-1010,23
2026-04-21,ELC-1010,36
2026-04-22,ELC-1010,46
2026-04-23,ELC-1010,31
2026-04-24,ELC-1010,33
2026-04-25,ELC-1010,28
2026-04-26,ELC-1010,25
2026-04-27,ELC-1010,24
2026-04-28,ELC-1010,29
2026-04-29,ELC-1010,27
2026-04-30,ELC-1010,64
2026-05-01,ELC-1010,31
2026-05-02,ELC-1010,30
2026-05-03,ELC-1010,34
2026-05-04,ELC-1010,30
2026-05-05,ELC-1010,32
2026-05-06,ELC-1010,23
2026-05-07,ELC-1010,21
2026-05-08,ELC-1010,21
2026-05-09,ELC-1010,39
2026-05-10,ELC-1010,15
2026-05-11,ELC-1010,22
2026-05-12,ELC-1010,32
2026-05-13,ELC-1010,21
2026-05-14,ELC-1010,32
2026-05-15,ELC-1010,55
2026-05-16,ELC-1010,32
2026-05-17,ELC-1010,41
2026-05-18,ELC-1010,53
2026-05-19,ELC-1010,31
2026-05-20,ELC-1010,21
2026-05-21,ELC-1010,29
2026-05-22,ELC-1010,29
2026-05-23,ELC-1010,31
2026-05-24,ELC-1010,32
2026-05-25,ELC-1010,41
2026-05-26,ELC-1010,36
2026-05-27,ELC-1010,32
2026-05-28,ELC-1010,26
2026-05-29,ELC-1010,29
2026-05-30,ELC-1010,29
2026-05-31,ELC-1010,34
2026-06-01,ELC-1010,23
2026-06-02,ELC-1010,23
2026-06-03,ELC-1010,39
2026-06-04,ELC-1010,36
2026-06-05,ELC-1010,25
2026-06-06,ELC-1010,23
2026-06-07,ELC-1010,35
2026-06-08,ELC-1010,24
2026-06-09,ELC-1010,33
2026-06-10,ELC-1010,26
2026-06-11,ELC-1010,38
2026-06-12,ELC-1010,21
2026-06-13,ELC-1010,27
2026-06-14,ELC-1010,58
2026-06-15,ELC-1010,31
2026-06-16,ELC-1010,33
2026-06-17,ELC-1010,30
2026-06-18,ELC-1010,22
2026-06-19,ELC-1010,19
2026-06-20,ELC-1010,36
2026-06-21,ELC-1010,23
2026-06-22,ELC-1010,31
2026-06-23,ELC-1010,27
2026-06-24,ELC-1010,28
2026-06-25,ELC-1010,30
2026-06-26,ELC-1010,25
2026-06-27,ELC-1010,26
2026-06-28,ELC-1010,32
2026-06-29,ELC-1010,31
2026-06-30,ELC-1010,27
2026-07-01,ELC-1010,24
2026-04-03,ELC-1011,33
2026-04-04,ELC-1011,42
2026-04-05,ELC-1011,39
2026-04-06,ELC-1011,28
2026-04-07,ELC-1011,46
2026-04-08,ELC-1011,39
2026-04-09,ELC-1011,40
2026-04-10,ELC-1011,43
2026-04-11,ELC-1011,46
2026-04-12,ELC-1011,53
2026-04-13,ELC-1011,38
2026-04-14,ELC-1011,41
2026-04-15,ELC-1011,37
2026-04-16,ELC-1011,48
2026-04-17,ELC-1011,39
2026-04-18,ELC-1011,49
2026-04-19,ELC-1011,43
2026-04-20,ELC-1011,45
2026-04-21,ELC-1011,34
2026-04-22,ELC-1011,85
2026-04-23,ELC-1011,45
2026-04-24,ELC-1011,48
2026-04-25,ELC-1011,51
2026-04-26,ELC-1011,44
2026-04-27,ELC-1011,46
2026-04-28,ELC-1011,40
2026-04-29,ELC-1011,42
2026-04-30,ELC-1011,81
2026-05-01,ELC-1011,36
2026-05-02,ELC-1011,56
2026-05-03,ELC-1011,44
2026-05-04,ELC-1011,53
2026-05-05,ELC-1011,45
2026-05-06,ELC-1011,39
2026-05-07,ELC-1011,39
2026-05-08,ELC-1011,36
2026-05-09,ELC-1011,33
2026-05-10,ELC-1011,52
2026-05-11,ELC-1011,47
2026-05-12,ELC-1011,43
2026-05-13,ELC-1011,36
2026-05-14,ELC-1011,37
2026-05-15,ELC-1011,77
2026-05-16,ELC-1011,45
2026-05-17,ELC-1011,55
2026-05-18,ELC-1011,79
2026-05-19,ELC-1011,37
2026-05-20,ELC-1011,40
2026-05-21,ELC-1011,39
2026-05-22,ELC-1011,40
2026-05-23,ELC-1011,54
2026-05-24,ELC-1011,52
2026-05-25,ELC-1011,42
2026-05-26,ELC-1011,40
2026-05-27,ELC-1011,51
2026-05-28,ELC-1011,44
2026-05-29,ELC-1011,33
2026-05-30,ELC-1011,42
2026-05-31,ELC-1011,41
2026-06-01,ELC-1011,39
2026-06-02,ELC-1011,40
2026-06-03,ELC-1011,51
2026-06-04,ELC-1011,40
2026-06-05,ELC-1011,36
2026-06-06,ELC-1011,47
2026-06-07,ELC-1011,51
2026-06-08,ELC-1011,55
2026-06-09,ELC-1011,33
2026-06-10,ELC-1011,46
2026-06-11,ELC-1011,57
2026-06-12,ELC-1011,45
2026-06-13,ELC-1011,50
2026-06-14,ELC-1011,99
2026-06-15,ELC-1011,52
2026-06-16,ELC-1011,47
2026-06-17,ELC-1011,42
2026-06-18,ELC-1011,37
2026-06-19,ELC-1011,39
2026-06-20,ELC-1011,48
2026-06-21,ELC-1011,45
2026-06-22,ELC-1011,46
2026-06-23,ELC-1011,39
2026-06-24,ELC-1011,36
2026-06-25,ELC-1011,51
2026-06-26,ELC-1011,31
2026-06-27,ELC-1011,50
2026-06-28,ELC-1011,45
2026-06-29,ELC-1011,28
2026-06-30,ELC-1011,56
2026-07-01,ELC-1011,41
2026-04-03,ELC-1012,32
2026-04-04,ELC-1012,33
2026-04-05,ELC-1012,35
2026-04-06,ELC-1012,37
2026-04-07,ELC-1012,36
2026-04-08,ELC-1012,31
2026-04-09,ELC-1012,29
2026-04-10,ELC-1012,32
2026-04-11,ELC-1012,39
2026-04-12,ELC-1012,37
2026-04-13,ELC-1012,32
2026-04-14,ELC-1012,31
2026-04-15,ELC-1012,27
2026-04-16,ELC-1012,37
2026-04-17,ELC-1012,34
2026-04-18,ELC-1012,25
2026-04-19,ELC-1012,31
2026-04-20,ELC-1012,32
2026-04-21,ELC-1012,33
2026-04-22,ELC-1012,65
2026-04-23,ELC-1012,39
2026-04-24,ELC-1012,29
2026-04-25,ELC-1012,38
2026-04-26,ELC-1012,37
2026-04-27,ELC-1012,37
2026-04-28,ELC-1012,27
2026-04-29,ELC-1012,28
2026-04-30,ELC-1012,84
2026-05-01,ELC-1012,31
2026-05-02,ELC-1012,32
2026-05-03,ELC-1012,30
2026-05-04,ELC-1012,23
2026-05-05,ELC-1012,38
2026-05-06,ELC-1012,38
2026-05-07,ELC-1012,33
2026-05-08,ELC-1012,31
2026-05-09,ELC-1012,22
2026-05-10,ELC-1012,41
2026-05-11,ELC-1012,29
2026-05-12,ELC-1012,32
2026-05-13,ELC-1012,43
2026-05-14,ELC-1012,30
2026-05-15,ELC-1012,56
2026-05-16,ELC-1012,34
2026-05-17,ELC-1012,32
2026-05-18,ELC-1012,70
2026-05-19,ELC-1012,34
2026-05-20,ELC-1012,31
2026-05-21,ELC-1012,32
2026-05-22,ELC-1012,31
2026-05-23,ELC-1012,31
2026-05-24,ELC-1012,37
2026-05-25,ELC-1012,39
2026-05-26,ELC-1012,42
2026-05-27,ELC-1012,20
2026-05-28,ELC-1012,50
2026-05-29,ELC-1012,32
2026-05-30,ELC-1012,36
2026-05-31,ELC-1012,25
2026-06-01,ELC-1012,33
2026-06-02,ELC-1012,44
2026-06-03,ELC-1012,34
2026-06-04,ELC-1012,25
2026-06-05,ELC-1012,30
2026-06-06,ELC-1012,39
2026-06-07,ELC-1012,32
2026-06-08,ELC-1012,34
2026-06-09,ELC-1012,35
2026-06-10,ELC-1012,33
2026-06-11,ELC-1012,20
2026-06-12,ELC-1012,40
2026-06-13,ELC-1012,26
2026-06-14,ELC-1012,67
2026-06-15,ELC-1012,23
2026-06-16,ELC-1012,26
2026-06-17,ELC-1012,33
2026-06-18,ELC-1012,42
2026-06-19,ELC-1012,23
2026-06-20,ELC-1012,29
2026-06-21,ELC-1012,27
2026-06-22,ELC-1012,36
2026-06-23,ELC-1012,24
2026-06-24,ELC-1012,21
2026-06-25,ELC-1012,24
2026-06-26,ELC-1012,25
2026-06-27,ELC-1012,25
2026-06-28,ELC-1012,36
2026-06-29,ELC-1012,28
2026-06-30,ELC-1012,49
2026-07-01,ELC-1012,26
2026-04-03,FSH-2001,33
2026-04-04,FSH-2001,40
2026-04-05,FSH-2001,37
2026-04-06,FSH-2001,39
2026-04-07,FSH-2001,35
2026-04-08,FSH-2001,29
2026-04-09,FSH-2001,29
2026-04-10,FSH-2001,26
2026-04-11,FSH-2001,33
2026-04-12,FSH-2001,41
2026-04-13,FSH-2001,33
2026-04-14,FSH-2001,35
2026-04-15,FSH-2001,37
2026-04-16,FSH-2001,35
2026-04-17,FSH-2001,32
2026-04-18,FSH-2001,42
2026-04-19,FSH-2001,43
2026-04-20,FSH-2001,31
2026-04-21,FSH-2001,43
2026-04-22,FSH-2001,51
2026-04-23,FSH-2001,32
2026-04-24,FSH-2001,42
2026-04-25,FSH-2001,44
2026-04-26,FSH-2001,41
2026-04-27,FSH-2001,41
2026-04-28,FSH-2001,37
2026-04-29,FSH-2001,33
2026-04-30,FSH-2001,75
2026-05-01,FSH-2001,35
2026-05-02,FSH-2001,41
2026-05-03,FSH-2001,39
2026-05-04,FSH-2001,28
2026-05-05,FSH-2001,46
2026-05-06,FSH-2001,44
2026-05-07,FSH-2001,35
2026-05-08,FSH-2001,39
2026-05-09,FSH-2001,47
2026-05-10,FSH-2001,45
2026-05-11,FSH-2001,45
2026-05-12,FSH-2001,38
2026-05-13,FSH-2001,37
2026-05-14,FSH-2001,29
2026-05-15,FSH-2001,75
2026-05-16,FSH-2001,48
2026-05-17,FSH-2001,51
2026-05-18,FSH-2001,64
2026-05-19,FSH-2001,45
2026-05-20,FSH-2001,45
2026-05-21,FSH-2001,37
2026-05-22,FSH-2001,38
2026-05-23,FSH-2001,47
2026-05-24,FSH-2001,43
2026-05-25,FSH-2001,40
2026-05-26,FSH-2001,25
2026-05-27,FSH-2001,34
2026-05-28,FSH-2001,32
2026-05-29,FSH-2001,37
2026-05-30,FSH-2001,40
2026-05-31,FSH-2001,49
2026-06-01,FSH-2001,36
2026-06-02,FSH-2001,46
2026-06-03,FSH-2001,35
2026-06-04,FSH-2001,37
2026-06-05,FSH-2001,35
2026-06-06,FSH-2001,43
2026-06-07,FSH-2001,44
2026-06-08,FSH-2001,48
2026-06-09,FSH-2001,30
2026-06-10,FSH-2001,32
2026-06-11,FSH-2001,32
2026-06-12,FSH-2001,36
2026-06-13,FSH-2001,41
2026-06-14,FSH-2001,94
2026-06-15,FSH-2001,33
2026-06-16,FSH-2001,33
2026-06-17,FSH-2001,36
2026-06-18,FSH-2001,32
2026-06-19,FSH-2001,45
2026-06-20,FSH-2001,55
2026-06-21,FSH-2001,45
2026-06-22,FSH-2001,36
2026-06-23,FSH-2001,50
2026-06-24,FSH-2001,45
2026-06-25,FSH-2001,31
2026-06-26,FSH-2001,29
2026-06-27,FSH-2001,65
2026-06-28,FSH-2001,55
2026-06-29,FSH-2001,40
2026-06-30,FSH-2001,35
2026-07-01,FSH-2001,33
2026-04-03,FSH-2002,26
2026-04-04,FSH-2002,25
2026-04-05,FSH-2002,23
2026-04-06,FSH-2002,12
2026-04-07,FSH-2002,24
2026-04-08,FSH-2002,12
2026-04-09,FSH-2002,13
2026-04-10,FSH-2002,24
2026-04-11,FSH-2002,24
2026-04-12,FSH-2002,27
2026-04-13,FSH-2002,21
2026-04-14,FSH-2002,19
2026-04-15,FSH-2002,16
2026-04-16,FSH-2002,14
2026-04-17,FSH-2002,20
2026-04-18,FSH-2002,17
2026-04-19,FSH-2002,30
2026-04-20,FSH-2002,25
2026-04-21,FSH-2002,15
2026-04-22,FSH-2002,49
2026-04-23,FSH-2002,16
2026-04-24,FSH-2002,21
2026-04-25,FSH-2002,27
2026-04-26,FSH-2002,18
2026-04-27,FSH-2002,23
2026-04-28,FSH-2002,19
2026-04-29,FSH-2002,29
2026-04-30,FSH-2002,40
2026-05-01,FSH-2002,26
2026-05-02,FSH-2002,19
2026-05-03,FSH-2002,28
2026-05-04,FSH-2002,23
2026-05-05,FSH-2002,17
2026-05-06,FSH-2002,30
2026-05-07,FSH-2002,18
2026-05-08,FSH-2002,20
2026-05-09,FSH-2002,24
2026-05-10,FSH-2002,20
2026-05-11,FSH-2002,18
2026-05-12,FSH-2002,15
2026-05-13,FSH-2002,21
2026-05-14,FSH-2002,14
2026-05-15,FSH-2002,45
2026-05-16,FSH-2002,29
2026-05-17,FSH-2002,23
2026-05-18,FSH-2002,35
2026-05-19,FSH-2002,18
2026-05-20,FSH-2002,25
2026-05-21,FSH-2002,20
2026-05-22,FSH-2002,23
2026-05-23,FSH-2002,34
2026-05-24,FSH-2002,17
2026-05-25,FSH-2002,21
2026-05-26,FSH-2002,18
2026-05-27,FSH-2002,18
2026-05-28,FSH-2002,22
2026-05-29,FSH-2002,24
2026-05-30,FSH-2002,22
2026-05-31,FSH-2002,20
2026-06-01,FSH-2002,26
2026-06-02,FSH-2002,15
2026-06-03,FSH-2002,23
2026-06-04,FSH-2002,17
2026-06-05,FSH-2002,21
2026-06-06,FSH-2002,19
2026-06-07,FSH-2002,32
2026-06-08,FSH-2002,22
2026-06-09,FSH-2002,26
2026-06-10,FSH-2002,23
2026-06-11,FSH-2002,26
2026-06-12,FSH-2002,24
2026-06-13,FSH-2002,30
2026-06-14,FSH-2002,39
2026-06-15,FSH-2002,18
2026-06-16,FSH-2002,32
2026-06-17,FSH-2002,18
2026-06-18,FSH-2002,19
2026-06-19,FSH-2002,30
2026-06-20,FSH-2002,24
2026-06-21,FSH-2002,31
2026-06-22,FSH-2002,32
2026-06-23,FSH-2002,19
2026-06-24,FSH-2002,25
2026-06-25,FSH-2002,23
2026-06-26,FSH-2002,13
2026-06-27,FSH-2002,26
2026-06-28,FSH-2002,19
2026-06-29,FSH-2002,17
2026-06-30,FSH-2002,21
2026-07-01,FSH-2002,18
2026-04-03,FSH-2003,31
2026-04-04,FSH-2003,43
2026-04-05,FSH-2003,44
2026-04-06,FSH-2003,50
2026-04-07,FSH-2003,46
2026-04-08,FSH-2003,46
2026-04-09,FSH-2003,36
2026-04-10,FSH-2003,38
2026-04-11,FSH-2003,48
2026-04-12,FSH-2003,44
2026-04-13,FSH-2003,33
2026-04-14,FSH-2003,49
2026-04-15,FSH-2003,39
2026-04-16,FSH-2003,39
2026-04-17,FSH-2003,38
2026-04-18,FSH-2003,37
2026-04-19,FSH-2003,56
2026-04-20,FSH-2003,34
2026-04-21,FSH-2003,32
2026-04-22,FSH-2003,90
2026-04-23,FSH-2003,42
2026-04-24,FSH-2003,35
2026-04-25,FSH-2003,53
2026-04-26,FSH-2003,53
2026-04-27,FSH-2003,41
2026-04-28,FSH-2003,45
2026-04-29,FSH-2003,45
2026-04-30,FSH-2003,75
2026-05-01,FSH-2003,32
2026-05-02,FSH-2003,47
2026-05-03,FSH-2003,46
2026-05-04,FSH-2003,35
2026-05-05,FSH-2003,47
2026-05-06,FSH-2003,44
2026-05-07,FSH-2003,29
2026-05-08,FSH-2003,33
2026-05-09,FSH-2003,53
2026-05-10,FSH-2003,38
2026-05-11,FSH-2003,41
2026-05-12,FSH-2003,38
2026-05-13,FSH-2003,45
2026-05-14,FSH-2003,44
2026-05-15,FSH-2003,76
2026-05-16,FSH-2003,49
2026-05-17,FSH-2003,38
2026-05-18,FSH-2003,87
2026-05-19,FSH-2003,45
2026-05-20,FSH-2003,41
2026-05-21,FSH-2003,48
2026-05-22,FSH-2003,48
2026-05-23,FSH-2003,39
2026-05-24,FSH-2003,44
2026-05-25,FSH-2003,49
2026-05-26,FSH-2003,34
2026-05-27,FSH-2003,43
2026-05-28,FSH-2003,49
2026-05-29,FSH-2003,43
2026-05-30,FSH-2003,52
2026-05-31,FSH-2003,59
2026-06-01,FSH-2003,33
2026-06-02,FSH-2003,51
2026-06-03,FSH-2003,33
2026-06-04,FSH-2003,41
2026-06-05,FSH-2003,38
2026-06-06,FSH-2003,50
2026-06-07,FSH-2003,42
2026-06-08,FSH-2003,42
2026-06-09,FSH-2003,31
2026-06-10,FSH-2003,51
2026-06-11,FSH-2003,51
2026-06-12,FSH-2003,48
2026-06-13,FSH-2003,41
2026-06-14,FSH-2003,80
2026-06-15,FSH-2003,39
2026-06-16,FSH-2003,41
2026-06-17,FSH-2003,41
2026-06-18,FSH-2003,41
2026-06-19,FSH-2003,43
2026-06-20,FSH-2003,44
2026-06-21,FSH-2003,50
2026-06-22,FSH-2003,43
2026-06-23,FSH-2003,48
2026-06-24,FSH-2003,47
2026-06-25,FSH-2003,47
2026-06-26,FSH-2003,41
2026-06-27,FSH-2003,41
2026-06-28,FSH-2003,47
2026-06-29,FSH-2003,37
2026-06-30,FSH-2003,37
2026-07-01,FSH-2003,44
2026-04-03,FSH-2004,11
2026-04-04,FSH-2004,21
2026-04-05,FSH-2004,24
2026-04-06,FSH-2004,18
2026-04-07,FSH-2004,22
2026-04-08,FSH-2004,23
2026-04-09,FSH-2004,29
2026-04-10,FSH-2004,22
2026-04-11,FSH-2004,23
2026-04-12,FSH-2004,29
2026-04-13,FSH-2004,21
2026-04-14,FSH-2004,25
2026-04-15,FSH-2004,12
2026-04-16,FSH-2004,11
2026-04-17,FSH-2004,13
2026-04-18,FSH-2004,35
2026-04-19,FSH-2004,27
2026-04-20,FSH-2004,19
2026-04-21,FSH-2004,19
2026-04-22,FSH-2004,29
2026-04-23,FSH-2004,17
2026-04-24,FSH-2004,18
2026-04-25,FSH-2004,28
2026-04-26,FSH-2004,28
2026-04-27,FSH-2004,17
2026-04-28,FSH-2004,19
2026-04-29,FSH-2004,14
2026-04-30,FSH-2004,39
2026-05-01,FSH-2004,22
2026-05-02,FSH-2004,21
2026-05-03,FSH-2004,27
2026-05-04,FSH-2004,19
2026-05-05,FSH-2004,22
2026-05-06,FSH-2004,21
2026-05-07,FSH-2004,17
2026-05-08,FSH-2004,20
2026-05-09,FSH-2004,22
2026-05-10,FSH-2004,24
2026-05-11,FSH-2004,23
2026-05-12,FSH-2004,21
2026-05-13,FSH-2004,29
2026-05-14,FSH-2004,26
2026-05-15,FSH-2004,50
2026-05-16,FSH-2004,23
2026-05-17,FSH-2004,25
2026-05-18,FSH-2004,28
2026-05-19,FSH-2004,17
2026-05-20,FSH-2004,28
2026-05-21,FSH-2004,22
2026-05-22,FSH-2004,19
2026-05-23,FSH-2004,18
2026-05-24,FSH-2004,38
2026-05-25,FSH-2004,22
2026-05-26,FSH-2004,19
2026-05-27,FSH-2004,17
2026-05-28,FSH-2004,20
2026-05-29,FSH-2004,23
2026-05-30,FSH-2004,31
2026-05-31,FSH-2004,22
2026-06-01,FSH-2004,19
2026-06-02,FSH-2004,21
2026-06-03,FSH-2004,20
2026-06-04,FSH-2004,23
2026-06-05,FSH-2004,19
2026-06-06,FSH-2004,37
2026-06-07,FSH-2004,28
2026-06-08,FSH-2004,25
2026-06-09,FSH-2004,23
2026-06-10,FSH-2004,28
2026-06-11,FSH-2004,18
2026-06-12,FSH-2004,27
2026-06-13,FSH-2004,21
2026-06-14,FSH-2004,55
2026-06-15,FSH-2004,21
2026-06-16,FSH-2004,23
2026-06-17,FSH-2004,25
2026-06-18,FSH-2004,37
2026-06-19,FSH-2004,24
2026-06-20,FSH-2004,25
2026-06-21,FSH-2004,22
2026-06-22,FSH-2004,29
2026-06-23,FSH-2004,26
2026-06-24,FSH-2004,30
2026-06-25,FSH-2004,28
2026-06-26,FSH-2004,27
2026-06-27,FSH-2004,33
2026-06-28,FSH-2004,25
2026-06-29,FSH-2004,21
2026-06-30,FSH-2004,23
2026-07-01,FSH-2004,16
2026-04-03,FSH-2005,24
2026-04-04,FSH-2005,32
2026-04-05,FSH-2005,31
2026-04-06,FSH-2005,23
2026-04-07,FSH-2005,25
2026-04-08,FSH-2005,21
2026-04-09,FSH-2005,21
2026-04-10,FSH-2005,19
2026-04-11,FSH-2005,33
2026-04-12,FSH-2005,41
2026-04-13,FSH-2005,18
2026-04-14,FSH-2005,18
2026-04-15,FSH-2005,18
2026-04-16,FSH-2005,28
2026-04-17,FSH-2005,22
2026-04-18,FSH-2005,34
2026-04-19,FSH-2005,35
2026-04-20,FSH-2005,18
2026-04-21,FSH-2005,16
2026-04-22,FSH-2005,53
2026-04-23,FSH-2005,26
2026-04-24,FSH-2005,20
2026-04-25,FSH-2005,40
2026-04-26,FSH-2005,22
2026-04-27,FSH-2005,16
2026-04-28,FSH-2005,24
2026-04-29,FSH-2005,21
2026-04-30,FSH-2005,45
2026-05-01,FSH-2005,23
2026-05-02,FSH-2005,34
2026-05-03,FSH-2005,34
2026-05-04,FSH-2005,25
2026-05-05,FSH-2005,20
2026-05-06,FSH-2005,18
2026-05-07,FSH-2005,28
2026-05-08,FSH-2005,23
2026-05-09,FSH-2005,34
2026-05-10,FSH-2005,39
2026-05-11,FSH-2005,27
2026-05-12,FSH-2005,26
2026-05-13,FSH-2005,31
2026-05-14,FSH-2005,21
2026-05-15,FSH-2005,47
2026-05-16,FSH-2005,36
2026-05-17,FSH-2005,28
2026-05-18,FSH-2005,48
2026-05-19,FSH-2005,18
2026-05-20,FSH-2005,32
2026-05-21,FSH-2005,20
2026-05-22,FSH-2005,23
2026-05-23,FSH-2005,36
2026-05-24,FSH-2005,24
2026-05-25,FSH-2005,23
2026-05-26,FSH-2005,19
2026-05-27,FSH-2005,23
2026-05-28,FSH-2005,24
2026-05-29,FSH-2005,29
2026-05-30,FSH-2005,28
2026-05-31,FSH-2005,32
2026-06-01,FSH-2005,24
2026-06-02,FSH-2005,26
2026-06-03,FSH-2005,31
2026-06-04,FSH-2005,30
2026-06-05,FSH-2005,28
2026-06-06,FSH-2005,45
2026-06-07,FSH-2005,42
2026-06-08,FSH-2005,28
2026-06-09,FSH-2005,27
2026-06-10,FSH-2005,33
2026-06-11,FSH-2005,23
2026-06-12,FSH-2005,24
2026-06-13,FSH-2005,39
2026-06-14,FSH-2005,60
2026-06-15,FSH-2005,21
2026-06-16,FSH-2005,26
2026-06-17,FSH-2005,30
2026-06-18,FSH-2005,23
2026-06-19,FSH-2005,28
2026-06-20,FSH-2005,39
2026-06-21,FSH-2005,39
2026-06-22,FSH-2005,22
2026-06-23,FSH-2005,22
2026-06-24,FSH-2005,30
2026-06-25,FSH-2005,26
2026-06-26,FSH-2005,24
2026-06-27,FSH-2005,36
2026-06-28,FSH-2005,30
2026-06-29,FSH-2005,21
2026-06-30,FSH-2005,24
2026-07-01,FSH-2005,18
2026-04-03,FSH-2006,28
2026-04-04,FSH-2006,37
2026-04-05,FSH-2006,25
2026-04-06,FSH-2006,22
2026-04-07,FSH-2006,20
2026-04-08,FSH-2006,25
2026-04-09,FSH-2006,19
2026-04-10,FSH-2006,16
2026-04-11,FSH-2006,30
2026-04-12,FSH-2006,38
2026-04-13,FSH-2006,26
2026-04-14,FSH-2006,32
2026-04-15,FSH-2006,20
2026-04-16,FSH-2006,29
2026-04-17,FSH-2006,23
2026-04-18,FSH-2006,27
2026-04-19,FSH-2006,29
2026-04-20,FSH-2006,26
2026-04-21,FSH-2006,19
2026-04-22,FSH-2006,49
2026-04-23,FSH-2006,31
2026-04-24,FSH-2006,34
2026-04-25,FSH-2006,27
2026-04-26,FSH-2006,28
2026-04-27,FSH-2006,18
2026-04-28,FSH-2006,31
2026-04-29,FSH-2006,20
2026-04-30,FSH-2006,55
2026-05-01,FSH-2006,18
2026-05-02,FSH-2006,36
2026-05-03,FSH-2006,37
2026-05-04,FSH-2006,25
2026-05-05,FSH-2006,24
2026-05-06,FSH-2006,35
2026-05-07,FSH-2006,35
2026-05-08,FSH-2006,28
2026-05-09,FSH-2006,30
2026-05-10,FSH-2006,25
2026-05-11,FSH-2006,36
2026-05-12,FSH-2006,21
2026-05-13,FSH-2006,23
2026-05-14,FSH-2006,18
2026-05-15,FSH-2006,61
2026-05-16,FSH-2006,34
2026-05-17,FSH-2006,31
2026-05-18,FSH-2006,64
2026-05-19,FSH-2006,32
2026-05-20,FSH-2006,26
2026-05-21,FSH-2006,33
2026-05-22,FSH-2006,36
2026-05-23,FSH-2006,27
2026-05-24,FSH-2006,38
2026-05-25,FSH-2006,28
2026-05-26,FSH-2006,24
2026-05-27,FSH-2006,35
2026-05-28,FSH-2006,29
2026-05-29,FSH-2006,29
2026-05-30,FSH-2006,38
2026-05-31,FSH-2006,34
2026-06-01,FSH-2006,32
2026-06-02,FSH-2006,32
2026-06-03,FSH-2006,28
2026-06-04,FSH-2006,25
2026-06-05,FSH-2006,42
2026-06-06,FSH-2006,39
2026-06-07,FSH-2006,42
2026-06-08,FSH-2006,34
2026-06-09,FSH-2006,36
2026-06-10,FSH-2006,32
2026-06-11,FSH-2006,30
2026-06-12,FSH-2006,33
2026-06-13,FSH-2006,35
2026-06-14,FSH-2006,88
2026-06-15,FSH-2006,40
2026-06-16,FSH-2006,32
2026-06-17,FSH-2006,41
2026-06-18,FSH-2006,37
2026-06-19,FSH-2006,32
2026-06-20,FSH-2006,35
2026-06-21,FSH-2006,39
2026-06-22,FSH-2006,42
2026-06-23,FSH-2006,32
2026-06-24,FSH-2006,35
2026-06-25,FSH-2006,31
2026-06-26,FSH-2006,29
2026-06-27,FSH-2006,35
2026-06-28,FSH-2006,35
2026-06-29,FSH-2006,33
2026-06-30,FSH-2006,36
2026-07-01,FSH-2006,22
2026-04-03,FSH-2007,24
2026-04-04,FSH-2007,34
2026-04-05,FSH-2007,23
2026-04-06,FSH-2007,21
2026-04-07,FSH-2007,25
2026-04-08,FSH-2007,27
2026-04-09,FSH-2007,23
2026-04-10,FSH-2007,16
2026-04-11,FSH-2007,32
2026-04-12,FSH-2007,29
2026-04-13,FSH-2007,31
2026-04-14,FSH-2007,25
2026-04-15,FSH-2007,14
2026-04-16,FSH-2007,24
2026-04-17,FSH-2007,31
2026-04-18,FSH-2007,28
2026-04-19,FSH-2007,24
2026-04-20,FSH-2007,30
2026-04-21,FSH-2007,33
2026-04-22,FSH-2007,43
2026-04-23,FSH-2007,28
2026-04-24,FSH-2007,29
2026-04-25,FSH-2007,26
2026-04-26,FSH-2007,27
2026-04-27,FSH-2007,15
2026-04-28,FSH-2007,26
2026-04-29,FSH-2007,26
2026-04-30,FSH-2007,46
2026-05-01,FSH-2007,26
2026-05-02,FSH-2007,21
2026-05-03,FSH-2007,27
2026-05-04,FSH-2007,30
2026-05-05,FSH-2007,26
2026-05-06,FSH-2007,27
2026-05-07,FSH-2007,24
2026-05-08,FSH-2007,22
2026-05-09,FSH-2007,22
2026-05-10,FSH-2007,29
2026-05-11,FSH-2007,31
2026-05-12,FSH-2007,22
2026-05-13,FSH-2007,25
2026-05-14,FSH-2007,20
2026-05-15,FSH-2007,59
2026-05-16,FSH-2007,24
2026-05-17,FSH-2007,30
2026-05-18,FSH-2007,44
2026-05-19,FSH-2007,28
2026-05-20,FSH-2007,30
2026-05-21,FSH-2007,19
2026-05-22,FSH-2007,25
2026-05-23,FSH-2007,35
2026-05-24,FSH-2007,39
2026-05-25,FSH-2007,22
2026-05-26,FSH-2007,28
2026-05-27,FSH-2007,17
2026-05-28,FSH-2007,31
2026-05-29,FSH-2007,25
2026-05-30,FSH-2007,24
2026-05-31,FSH-2007,31
2026-06-01,FSH-2007,18
2026-06-02,FSH-2007,20
2026-06-03,FSH-2007,25
2026-06-04,FSH-2007,21
2026-06-05,FSH-2007,22
2026-06-06,FSH-2007,26
2026-06-07,FSH-2007,28
2026-06-08,FSH-2007,32
2026-06-09,FSH-2007,31
2026-06-10,FSH-2007,24
2026-06-11,FSH-2007,29
2026-06-12,FSH-2007,32
2026-06-13,FSH-2007,37
2026-06-14,FSH-2007,52
2026-06-15,FSH-2007,23
2026-06-16,FSH-2007,23
2026-06-17,FSH-2007,22
2026-06-18,FSH-2007,26
2026-06-19,FSH-2007,30
2026-06-20,FSH-2007,37
2026-06-21,FSH-2007,26
2026-06-22,FSH-2007,26
2026-06-23,FSH-2007,25
2026-06-24,FSH-2007,24
2026-06-25,FSH-2007,22
2026-06-26,FSH-2007,25
2026-06-27,FSH-2007,37
2026-06-28,FSH-2007,33
2026-06-29,FSH-2007,28
2026-06-30,FSH-2007,22
2026-07-01,FSH-2007,27
2026-04-03,FSH-2008,52
2026-04-04,FSH-2008,51
2026-04-05,FSH-2008,50
2026-04-06,FSH-2008,34
2026-04-07,FSH-2008,35
2026-04-08,FSH-2008,45
2026-04-09,FSH-2008,31
2026-04-10,FSH-2008,38
2026-04-11,FSH-2008,44
2026-04-12,FSH-2008,67
2026-04-13,FSH-2008,45
2026-04-14,FSH-2008,48
2026-04-15,FSH-2008,42
2026-04-16,FSH-2008,41
2026-04-17,FSH-2008,49
2026-04-18,FSH-2008,47
2026-04-19,FSH-2008,48
2026-04-20,FSH-2008,40
2026-04-21,FSH-2008,52
2026-04-22,FSH-2008,92
2026-04-23,FSH-2008,47
2026-04-24,FSH-2008,42
2026-04-25,FSH-2008,50
2026-04-26,FSH-2008,64
2026-04-27,FSH-2008,60
2026-04-28,FSH-2008,51
2026-04-29,FSH-2008,40
2026-04-30,FSH-2008,86
2026-05-01,FSH-2008,47
2026-05-02,FSH-2008,54
2026-05-03,FSH-2008,63
2026-05-04,FSH-2008,43
2026-05-05,FSH-2008,38
2026-05-06,FSH-2008,40
2026-05-07,FSH-2008,39
2026-05-08,FSH-2008,29
2026-05-09,FSH-2008,53
2026-05-10,FSH-2008,58
2026-05-11,FSH-2008,52
2026-05-12,FSH-2008,45
2026-05-13,FSH-2008,40
2026-05-14,FSH-2008,44
2026-05-15,FSH-2008,74
2026-05-16,FSH-2008,49
2026-05-17,FSH-2008,53
2026-05-18,FSH-2008,77
2026-05-19,FSH-2008,51
2026-05-20,FSH-2008,40
2026-05-21,FSH-2008,44
2026-05-22,FSH-2008,40
2026-05-23,FSH-2008,65
2026-05-24,FSH-2008,52
2026-05-25,FSH-2008,49
2026-05-26,FSH-2008,57
2026-05-27,FSH-2008,44
2026-05-28,FSH-2008,48
2026-05-29,FSH-2008,35
2026-05-30,FSH-2008,49
2026-05-31,FSH-2008,41
2026-06-01,FSH-2008,40
2026-06-02,FSH-2008,44
2026-06-03,FSH-2008,47
2026-06-04,FSH-2008,37
2026-06-05,FSH-2008,38
2026-06-06,FSH-2008,42
2026-06-07,FSH-2008,63
2026-06-08,FSH-2008,43
2026-06-09,FSH-2008,30
2026-06-10,FSH-2008,39
2026-06-11,FSH-2008,48
2026-06-12,FSH-2008,47
2026-06-13,FSH-2008,42
2026-06-14,FSH-2008,80
2026-06-15,FSH-2008,57
2026-06-16,FSH-2008,40
2026-06-17,FSH-2008,35
2026-06-18,FSH-2008,45
2026-06-19,FSH-2008,44
2026-06-20,FSH-2008,62
2026-06-21,FSH-2008,71
2026-06-22,FSH-2008,56
2026-06-23,FSH-2008,45
2026-06-24,FSH-2008,39
2026-06-25,FSH-2008,41
2026-06-26,FSH-2008,51
2026-06-27,FSH-2008,57
2026-06-28,FSH-2008,53
2026-06-29,FSH-2008,49
2026-06-30,FSH-2008,31
2026-07-01,FSH-2008,35
2026-04-03,FSH-2009,25
2026-04-04,FSH-2009,33
2026-04-05,FSH-2009,39
2026-04-06,FSH-2009,32
2026-04-07,FSH-2009,28
2026-04-08,FSH-2009,31
2026-04-09,FSH-2009,23
2026-04-10,FSH-2009,19
2026-04-11,FSH-2009,28
2026-04-12,FSH-2009,43
2026-04-13,FSH-2009,23
2026-04-14,FSH-2009,24
2026-04-15,FSH-2009,30
2026-04-16,FSH-2009,27
2026-04-17,FSH-2009,25
2026-04-18,FSH-2009,30
2026-04-19,FSH-2009,31
2026-04-20,FSH-2009,22
2026-04-21,FSH-2009,28
2026-04-22,FSH-2009,50
2026-04-23,FSH-2009,34
2026-04-24,FSH-2009,27
2026-04-25,FSH-2009,39
2026-04-26,FSH-2009,28
2026-04-27,FSH-2009,29
2026-04-28,FSH-2009,20
2026-04-29,FSH-2009,28
2026-04-30,FSH-2009,68
2026-05-01,FSH-2009,35
2026-05-02,FSH-2009,30
2026-05-03,FSH-2009,28
2026-05-04,FSH-2009,20
2026-05-05,FSH-2009,21
2026-05-06,FSH-2009,31
2026-05-07,FSH-2009,32
2026-05-08,FSH-2009,32
2026-05-09,FSH-2009,39
2026-05-10,FSH-2009,35
2026-05-11,FSH-2009,34
2026-05-12,FSH-2009,28
2026-05-13,FSH-2009,24
2026-05-14,FSH-2009,31
2026-05-15,FSH-2009,50
2026-05-16,FSH-2009,40
2026-05-17,FSH-2009,25
2026-05-18,FSH-2009,44
2026-05-19,FSH-2009,19
2026-05-20,FSH-2009,24
2026-05-21,FSH-2009,32
2026-05-22,FSH-2009,28
2026-05-23,FSH-2009,35
2026-05-24,FSH-2009,33
2026-05-25,FSH-2009,26
2026-05-26,FSH-2009,27
2026-05-27,FSH-2009,32
2026-05-28,FSH-2009,31
2026-05-29,FSH-2009,24
2026-05-30,FSH-2009,32
2026-05-31,FSH-2009,45
2026-06-01,FSH-2009,22
2026-06-02,FSH-2009,17
2026-06-03,FSH-2009,29
2026-06-04,FSH-2009,28
2026-06-05,FSH-2009,27
2026-06-06,FSH-2009,38
2026-06-07,FSH-2009,31
2026-06-08,FSH-2009,32
2026-06-09,FSH-2009,21
2026-06-10,FSH-2009,17
2026-06-11,FSH-2009,29
2026-06-12,FSH-2009,28
2026-06-13,FSH-2009,34
2026-06-14,FSH-2009,82
2026-06-15,FSH-2009,28
2026-06-16,FSH-2009,29
2026-06-17,FSH-2009,25
2026-06-18,FSH-2009,25
2026-06-19,FSH-2009,20
2026-06-20,FSH-2009,38
2026-06-21,FSH-2009,33
2026-06-22,FSH-2009,21
2026-06-23,FSH-2009,29
2026-06-24,FSH-2009,32
2026-06-25,FSH-2009,38
2026-06-26,FSH-2009,22
2026-06-27,FSH-2009,41
2026-06-28,FSH-2009,40
2026-06-29,FSH-2009,28
2026-06-30,FSH-2009,22
2026-07-01,FSH-2009,28
2026-04-03,FSH-2010,24
2026-04-04,FSH-2010,25
2026-04-05,FSH-2010,30
2026-04-06,FSH-2010,11
2026-04-07,FSH-2010,17
2026-04-08,FSH-2010,19
2026-04-09,FSH-2010,15
2026-04-10,FSH-2010,22
2026-04-11,FSH-2010,21
2026-04-12,FSH-2010,16
2026-04-13,FSH-2010,18
2026-04-14,FSH-2010,28
2026-04-15,FSH-2010,17
2026-04-16,FSH-2010,17
2026-04-17,FSH-2010,23
2026-04-18,FSH-2010,29
2026-04-19,FSH-2010,15
2026-04-20,FSH-2010,21
2026-04-21,FSH-2010,19
2026-04-22,FSH-2010,44
2026-04-23,FSH-2010,18
2026-04-24,FSH-2010,17
2026-04-25,FSH-2010,28
2026-04-26,FSH-2010,30
2026-04-27,FSH-2010,20
2026-04-28,FSH-2010,19
2026-04-29,FSH-2010,22
2026-04-30,FSH-2010,50
2026-05-01,FSH-2010,18
2026-05-02,FSH-2010,25
2026-05-03,FSH-2010,27
2026-05-04,FSH-2010,20
2026-05-05,FSH-2010,18
2026-05-06,FSH-2010,24
2026-05-07,FSH-2010,22
2026-05-08,FSH-2010,22
2026-05-09,FSH-2010,31
2026-05-10,FSH-2010,18
2026-05-11,FSH-2010,17
2026-05-12,FSH-2010,21
2026-05-13,FSH-2010,23
2026-05-14,FSH-2010,22
2026-05-15,FSH-2010,42
2026-05-16,FSH-2010,24
2026-05-17,FSH-2010,26
2026-05-18,FSH-2010,40
2026-05-19,FSH-2010,24
2026-05-20,FSH-2010,21
2026-05-21,FSH-2010,19
2026-05-22,FSH-2010,16
2026-05-23,FSH-2010,31
2026-05-24,FSH-2010,35
2026-05-25,FSH-2010,18
2026-05-26,FSH-2010,20
2026-05-27,FSH-2010,28
2026-05-28,FSH-2010,27
2026-05-29,FSH-2010,25
2026-05-30,FSH-2010,22
2026-05-31,FSH-2010,23
2026-06-01,FSH-2010,22
2026-06-02,FSH-2010,20
2026-06-03,FSH-2010,12
2026-06-04,FSH-2010,18
2026-06-05,FSH-2010,20
2026-06-06,FSH-2010,20
2026-06-07,FSH-2010,27
2026-06-08,FSH-2010,25
2026-06-09,FSH-2010,13
2026-06-10,FSH-2010,15
2026-06-11,FSH-2010,18
2026-06-12,FSH-2010,16
2026-06-13,FSH-2010,22
2026-06-14,FSH-2010,47
2026-06-15,FSH-2010,18
2026-06-16,FSH-2010,23
2026-06-17,FSH-2010,17
2026-06-18,FSH-2010,20
2026-06-19,FSH-2010,16
2026-06-20,FSH-2010,29
2026-06-21,FSH-2010,27
2026-06-22,FSH-2010,31
2026-06-23,FSH-2010,22
2026-06-24,FSH-2010,27
2026-06-25,FSH-2010,18
2026-06-26,FSH-2010,25
2026-06-27,FSH-2010,25
2026-06-28,FSH-2010,35
2026-06-29,FSH-2010,28
2026-06-30,FSH-2010,13
2026-07-01,FSH-2010,23
2026-04-03,FSH-2011,19
2026-04-04,FSH-2011,32
2026-04-05,FSH-2011,23
2026-04-06,FSH-2011,17
2026-04-07,FSH-2011,14
2026-04-08,FSH-2011,20
2026-04-09,FSH-2011,15
2026-04-10,FSH-2011,23
2026-04-11,FSH-2011,33
2026-04-12,FSH-2011,25
2026-04-13,FSH-2011,12
2026-04-14,FSH-2011,25
2026-04-15,FSH-2011,15
2026-04-16,FSH-2011,18
2026-04-17,FSH-2011,23
2026-04-18,FSH-2011,25
2026-04-19,FSH-2011,35
2026-04-20,FSH-2011,24
2026-04-21,FSH-2011,28
2026-04-22,FSH-2011,39
2026-04-23,FSH-2011,19
2026-04-24,FSH-2011,22
2026-04-25,FSH-2011,41
2026-04-26,FSH-2011,31
2026-04-27,FSH-2011,18
2026-04-28,FSH-2011,22
2026-04-29,FSH-2011,21
2026-04-30,FSH-2011,51
2026-05-01,FSH-2011,27
2026-05-02,FSH-2011,22
2026-05-03,FSH-2011,26
2026-05-04,FSH-2011,22
2026-05-05,FSH-2011,24
2026-05-06,FSH-2011,21
2026-05-07,FSH-2011,23
2026-05-08,FSH-2011,28
2026-05-09,FSH-2011,27
2026-05-10,FSH-2011,20
2026-05-11,FSH-2011,23
2026-05-12,FSH-2011,13
2026-05-13,FSH-2011,17
2026-05-14,FSH-2011,20
2026-05-15,FSH-2011,50
2026-05-16,FSH-2011,26
2026-05-17,FSH-2011,36
2026-05-18,FSH-2011,32
2026-05-19,FSH-2011,20
2026-05-20,FSH-2011,14
2026-05-21,FSH-2011,18
2026-05-22,FSH-2011,23
2026-05-23,FSH-2011,24
2026-05-24,FSH-2011,41
2026-05-25,FSH-2011,13
2026-05-26,FSH-2011,16
2026-05-27,FSH-2011,25
2026-05-28,FSH-2011,9
2026-05-29,FSH-2011,28
2026-05-30,FSH-2011,19
2026-05-31,FSH-2011,23
2026-06-01,FSH-2011,22
2026-06-02,FSH-2011,21
2026-06-03,FSH-2011,14
2026-06-04,FSH-2011,8
2026-06-05,FSH-2011,22
2026-06-06,FSH-2011,24
2026-06-07,FSH-2011,32
2026-06-08,FSH-2011,15
2026-06-09,FSH-2011,16
2026-06-10,FSH-2011,20
2026-06-11,FSH-2011,22
2026-06-12,FSH-2011,10
2026-06-13,FSH-2011,24
2026-06-14,FSH-2011,66
2026-06-15,FSH-2011,22
2026-06-16,FSH-2011,23
2026-06-17,FSH-2011,17
2026-06-18,FSH-2011,20
2026-06-19,FSH-2011,15
2026-06-20,FSH-2011,17
2026-06-21,FSH-2011,30
2026-06-22,FSH-2011,16
2026-06-23,FSH-2011,13
2026-06-24,FSH-2011,28
2026-06-25,FSH-2011,20
2026-06-26,FSH-2011,24
2026-06-27,FSH-2011,22
2026-06-28,FSH-2011,30
2026-06-29,FSH-2011,19
2026-06-30,FSH-2011,22
2026-07-01,FSH-2011,16
2026-04-03,FSH-2012,10
2026-04-04,FSH-2012,6
2026-04-05,FSH-2012,14
2026-04-06,FSH-2012,10
2026-04-07,FSH-2012,12
2026-04-08,FSH-2012,8
2026-04-09,FSH-2012,10
2026-04-10,FSH-2012,11
2026-04-11,FSH-2012,19
2026-04-12,FSH-2012,19
2026-04-13,FSH-2012,11
2026-04-14,FSH-2012,7
2026-04-15,FSH-2012,8
2026-04-16,FSH-2012,16
2026-04-17,FSH-2012,5
2026-04-18,FSH-2012,17
2026-04-19,FSH-2012,12
2026-04-20,FSH-2012,11
2026-04-21,FSH-2012,14
2026-04-22,FSH-2012,20
2026-04-23,FSH-2012,9
2026-04-24,FSH-2012,12
2026-04-25,FSH-2012,14
2026-04-26,FSH-2012,13
2026-04-27,FSH-2012,12
2026-04-28,FSH-2012,7
2026-04-29,FSH-2012,12
2026-04-30,FSH-2012,9
2026-05-01,FSH-2012,17
2026-05-02,FSH-2012,15
2026-05-03,FSH-2012,18
2026-05-04,FSH-2012,8
2026-05-05,FSH-2012,10
2026-05-06,FSH-2012,16
2026-05-07,FSH-2012,14
2026-05-08,FSH-2012,13
2026-05-09,FSH-2012,12
2026-05-10,FSH-2012,17
2026-05-11,FSH-2012,14
2026-05-12,FSH-2012,16
2026-05-13,FSH-2012,15
2026-05-14,FSH-2012,15
2026-05-15,FSH-2012,15
2026-05-16,FSH-2012,12
2026-05-17,FSH-2012,16
2026-05-18,FSH-2012,24
2026-05-19,FSH-2012,18
2026-05-20,FSH-2012,5
2026-05-21,FSH-2012,9
2026-05-22,FSH-2012,14
2026-05-23,FSH-2012,16
2026-05-24,FSH-2012,15
2026-05-25,FSH-2012,17
2026-05-26,FSH-2012,17
2026-05-27,FSH-2012,10
2026-05-28,FSH-2012,12
2026-05-29,FSH-2012,7
2026-05-30,FSH-2012,13
2026-05-31,FSH-2012,15
2026-06-01,FSH-2012,10
2026-06-02,FSH-2012,7
2026-06-03,FSH-2012,14
2026-06-04,FSH-2012,19
2026-06-05,FSH-2012,21
2026-06-06,FSH-2012,17
2026-06-07,FSH-2012,17
2026-06-08,FSH-2012,16
2026-06-09,FSH-2012,10
2026-06-10,FSH-2012,7
2026-06-11,FSH-2012,13
2026-06-12,FSH-2012,11
2026-06-13,FSH-2012,21
2026-06-14,FSH-2012,18
2026-06-15,FSH-2012,13
2026-06-16,FSH-2012,9
2026-06-17,FSH-2012,12
2026-06-18,FSH-2012,15
2026-06-19,FSH-2012,10
2026-06-20,FSH-2012,17
2026-06-21,FSH-2012,13
2026-06-22,FSH-2012,10
2026-06-23,FSH-2012,8
2026-06-24,FSH-2012,18
2026-06-25,FSH-2012,13
2026-06-26,FSH-2012,13
2026-06-27,FSH-2012,15
2026-06-28,FSH-2012,26
2026-06-29,FSH-2012,15
2026-06-30,FSH-2012,16
2026-07-01,FSH-2012,14
2026-04-03,HOM-3001,24
2026-04-04,HOM-3001,30
2026-04-05,HOM-3001,25
2026-04-06,HOM-3001,25
2026-04-07,HOM-3001,21
2026-04-08,HOM-3001,21
2026-04-09,HOM-3001,27
2026-04-10,HOM-3001,19
2026-04-11,HOM-3001,33
2026-04-12,HOM-3001,30
2026-04-13,HOM-3001,24
2026-04-14,HOM-3001,22
2026-04-15,HOM-3001,20
2026-04-16,HOM-3001,22
2026-04-17,HOM-3001,27
2026-04-18,HOM-3001,31
2026-04-19,HOM-3001,32
2026-04-20,HOM-3001,27
2026-04-21,HOM-3001,27
2026-04-22,HOM-3001,39
2026-04-23,HOM-3001,17
2026-04-24,HOM-3001,23
2026-04-25,HOM-3001,42
2026-04-26,HOM-3001,25
2026-04-27,HOM-3001,27
2026-04-28,HOM-3001,24
2026-04-29,HOM-3001,19
2026-04-30,HOM-3001,49
2026-05-01,HOM-3001,24
2026-05-02,HOM-3001,44
2026-05-03,HOM-3001,28
2026-05-04,HOM-3001,33
2026-05-05,HOM-3001,27
2026-05-06,HOM-3001,30
2026-05-07,HOM-3001,25
2026-05-08,HOM-3001,34
2026-05-09,HOM-3001,28
2026-05-10,HOM-3001,37
2026-05-11,HOM-3001,29
2026-05-12,HOM-3001,36
2026-05-13,HOM-3001,18
2026-05-14,HOM-3001,28
2026-05-15,HOM-3001,64
2026-05-16,HOM-3001,41
2026-05-17,HOM-3001,37
2026-05-18,HOM-3001,45
2026-05-19,HOM-3001,26
2026-05-20,HOM-3001,25
2026-05-21,HOM-3001,25
2026-05-22,HOM-3001,30
2026-05-23,HOM-3001,49
2026-05-24,HOM-3001,35
2026-05-25,HOM-3001,24
2026-05-26,HOM-3001,30
2026-05-27,HOM-3001,21
2026-05-28,HOM-3001,19
2026-05-29,HOM-3001,33
2026-05-30,HOM-3001,39
2026-05-31,HOM-3001,27
2026-06-01,HOM-3001,27
2026-06-02,HOM-3001,30
2026-06-03,HOM-3001,31
2026-06-04,HOM-3001,21
2026-06-05,HOM-3001,22
2026-06-06,HOM-3001,24
2026-06-07,HOM-3001,38
2026-06-08,HOM-3001,29
2026-06-09,HOM-3001,22
2026-06-10,HOM-3001,21
2026-06-11,HOM-3001,25
2026-06-12,HOM-3001,28
2026-06-13,HOM-3001,26
2026-06-14,HOM-3001,73
2026-06-15,HOM-3001,30
2026-06-16,HOM-3001,29
2026-06-17,HOM-3001,38
2026-06-18,HOM-3001,24
2026-06-19,HOM-3001,37
2026-06-20,HOM-3001,30
2026-06-21,HOM-3001,41
2026-06-22,HOM-3001,29
2026-06-23,HOM-3001,28
2026-06-24,HOM-3001,31
2026-06-25,HOM-3001,29
2026-06-26,HOM-3001,19
2026-06-27,HOM-3001,36
2026-06-28,HOM-3001,29
2026-06-29,HOM-3001,17
2026-06-30,HOM-3001,22
2026-07-01,HOM-3001,26
2026-04-03,HOM-3002,36
2026-04-04,HOM-3002,37
2026-04-05,HOM-3002,35
2026-04-06,HOM-3002,28
2026-04-07,HOM-3002,25
2026-04-08,HOM-3002,14
2026-04-09,HOM-3002,37
2026-04-10,HOM-3002,34
2026-04-11,HOM-3002,35
2026-04-12,HOM-3002,37
2026-04-13,HOM-3002,39
2026-04-14,HOM-3002,34
2026-04-15,HOM-3002,28
2026-04-16,HOM-3002,26
2026-04-17,HOM-3002,27
2026-04-18,HOM-3002,45
2026-04-19,HOM-3002,35
2026-04-20,HOM-3002,34
2026-04-21,HOM-3002,28
2026-04-22,HOM-3002,78
2026-04-23,HOM-3002,26
2026-04-24,HOM-3002,35
2026-04-25,HOM-3002,35
2026-04-26,HOM-3002,30
2026-04-27,HOM-3002,27
2026-04-28,HOM-3002,38
2026-04-29,HOM-3002,32
2026-04-30,HOM-3002,57
2026-05-01,HOM-3002,23
2026-05-02,HOM-3002,32
2026-05-03,HOM-3002,36
2026-05-04,HOM-3002,24
2026-05-05,HOM-3002,19
2026-05-06,HOM-3002,41
2026-05-07,HOM-3002,33
2026-05-08,HOM-3002,38
2026-05-09,HOM-3002,34
2026-05-10,HOM-3002,39
2026-05-11,HOM-3002,26
2026-05-12,HOM-3002,25
2026-05-13,HOM-3002,33
2026-05-14,HOM-3002,29
2026-05-15,HOM-3002,49
2026-05-16,HOM-3002,48
2026-05-17,HOM-3002,36
2026-05-18,HOM-3002,62
2026-05-19,HOM-3002,22
2026-05-20,HOM-3002,31
2026-05-21,HOM-3002,32
2026-05-22,HOM-3002,25
2026-05-23,HOM-3002,36
2026-05-24,HOM-3002,41
2026-05-25,HOM-3002,21
2026-05-26,HOM-3002,35
2026-05-27,HOM-3002,37
2026-05-28,HOM-3002,21
2026-05-29,HOM-3002,33
2026-05-30,HOM-3002,34
2026-05-31,HOM-3002,30
2026-06-01,HOM-3002,34
2026-06-02,HOM-3002,31
2026-06-03,HOM-3002,35
2026-06-04,HOM-3002,39
2026-06-05,HOM-3002,26
2026-06-06,HOM-3002,34
2026-06-07,HOM-3002,37
2026-06-08,HOM-3002,24
2026-06-09,HOM-3002,35
2026-06-10,HOM-3002,29
2026-06-11,HOM-3002,29
2026-06-12,HOM-3002,28
2026-06-13,HOM-3002,47
2026-06-14,HOM-3002,74
2026-06-15,HOM-3002,39
2026-06-16,HOM-3002,38
2026-06-17,HOM-3002,33
2026-06-18,HOM-3002,39
2026-06-19,HOM-3002,27
2026-06-20,HOM-3002,41
2026-06-21,HOM-3002,36
2026-06-22,HOM-3002,30
2026-06-23,HOM-3002,35
2026-06-24,HOM-3002,30
2026-06-25,HOM-3002,28
2026-06-26,HOM-3002,35
2026-06-27,HOM-3002,38
2026-06-28,HOM-3002,32
2026-06-29,HOM-3002,30
2026-06-30,HOM-3002,37
2026-07-01,HOM-3002,27
2026-04-03,HOM-3003,19
2026-04-04,HOM-3003,18
2026-04-05,HOM-3003,19
2026-04-06,HOM-3003,16
2026-04-07,HOM-3003,21
2026-04-08,HOM-3003,26
2026-04-09,HOM-3003,24
2026-04-10,HOM-3003,20
2026-04-11,HOM-3003,24
2026-04-12,HOM-3003,19
2026-04-13,HOM-3003,22
2026-04-14,HOM-3003,26
2026-04-15,HOM-3003,14
2026-04-16,HOM-3003,24
2026-04-17,HOM-3003,25
2026-04-18,HOM-3003,31
2026-04-19,HOM-3003,28
2026-04-20,HOM-3003,20
2026-04-21,HOM-3003,15
2026-04-22,HOM-3003,45
2026-04-23,HOM-3003,21
2026-04-24,HOM-3003,20
2026-04-25,HOM-3003,25
2026-04-26,HOM-3003,21
2026-04-27,HOM-3003,20
2026-04-28,HOM-3003,24
2026-04-29,HOM-3003,21
2026-04-30,HOM-3003,39
2026-05-01,HOM-3003,16
2026-05-02,HOM-3003,31
2026-05-03,HOM-3003,23
2026-05-04,HOM-3003,14
2026-05-05,HOM-3003,22
2026-05-06,HOM-3003,15
2026-05-07,HOM-3003,13
2026-05-08,HOM-3003,21
2026-05-09,HOM-3003,25
2026-05-10,HOM-3003,30
2026-05-11,HOM-3003,15
2026-05-12,HOM-3003,24
2026-05-13,HOM-3003,28
2026-05-14,HOM-3003,28
2026-05-15,HOM-3003,38
2026-05-16,HOM-3003,25
2026-05-17,HOM-3003,38
2026-05-18,HOM-3003,43
2026-05-19,HOM-3003,28
2026-05-20,HOM-3003,18
2026-05-21,HOM-3003,22
2026-05-22,HOM-3003,21
2026-05-23,HOM-3003,28
2026-05-24,HOM-3003,25
2026-05-25,HOM-3003,25
2026-05-26,HOM-3003,20
2026-05-27,HOM-3003,25
2026-05-28,HOM-3003,18
2026-05-29,HOM-3003,21
2026-05-30,HOM-3003,25
2026-05-31,HOM-3003,23
2026-06-01,HOM-3003,16
2026-06-02,HOM-3003,23
2026-06-03,HOM-3003,17
2026-06-04,HOM-3003,16
2026-06-05,HOM-3003,23
2026-06-06,HOM-3003,22
2026-06-07,HOM-3003,24
2026-06-08,HOM-3003,20
2026-06-09,HOM-3003,6
2026-06-10,HOM-3003,12
2026-06-11,HOM-3003,25
2026-06-12,HOM-3003,28
2026-06-13,HOM-3003,31
2026-06-14,HOM-3003,53
2026-06-15,HOM-3003,20
2026-06-16,HOM-3003,20
2026-06-17,HOM-3003,22
2026-06-18,HOM-3003,22
2026-06-19,HOM-3003,24
2026-06-20,HOM-3003,21
2026-06-21,HOM-3003,23
2026-06-22,HOM-3003,12
2026-06-23,HOM-3003,28
2026-06-24,HOM-3003,18
2026-06-25,HOM-3003,22
2026-06-26,HOM-3003,13
2026-06-27,HOM-3003,31
2026-06-28,HOM-3003,26
2026-06-29,HOM-3003,18
2026-06-30,HOM-3003,22
2026-07-01,HOM-3003,15
2026-04-03,HOM-3004,51
2026-04-04,HOM-3004,61
2026-04-05,HOM-3004,57
2026-04-06,HOM-3004,45
2026-04-07,HOM-3004,41
2026-04-08,HOM-3004,44
2026-04-09,HOM-3004,38
2026-04-10,HOM-3004,60
2026-04-11,HOM-3004,53
2026-04-12,HOM-3004,53
2026-04-13,HOM-3004,46
2026-04-14,HOM-3004,63
2026-04-15,HOM-3004,48
2026-04-16,HOM-3004,48
2026-04-17,HOM-3004,37
2026-04-18,HOM-3004,59
2026-04-19,HOM-3004,51
2026-04-20,HOM-3004,47
2026-04-21,HOM-3004,41
2026-04-22,HOM-3004,107
2026-04-23,HOM-3004,46
2026-04-24,HOM-3004,60
2026-04-25,HOM-3004,63
2026-04-26,HOM-3004,65
2026-04-27,HOM-3004,47
2026-04-28,HOM-3004,48
2026-04-29,HOM-3004,55
2026-04-30,HOM-3004,94
2026-05-01,HOM-3004,47
2026-05-02,HOM-3004,54
2026-05-03,HOM-3004,65
2026-05-04,HOM-3004,54
2026-05-05,HOM-3004,53
2026-05-06,HOM-3004,61
2026-05-07,HOM-3004,61
2026-05-08,HOM-3004,56
2026-05-09,HOM-3004,66
2026-05-10,HOM-3004,54
2026-05-11,HOM-3004,56
2026-05-12,HOM-3004,58
2026-05-13,HOM-3004,54
2026-05-14,HOM-3004,60
2026-05-15,HOM-3004,105
2026-05-16,HOM-3004,71
2026-05-17,HOM-3004,61
2026-05-18,HOM-3004,100
2026-05-19,HOM-3004,59
2026-05-20,HOM-3004,50
2026-05-21,HOM-3004,50
2026-05-22,HOM-3004,50
2026-05-23,HOM-3004,55
2026-05-24,HOM-3004,56
2026-05-25,HOM-3004,50
2026-05-26,HOM-3004,49
2026-05-27,HOM-3004,64
2026-05-28,HOM-3004,58
2026-05-29,HOM-3004,53
2026-05-30,HOM-3004,51
2026-05-31,HOM-3004,56
2026-06-01,HOM-3004,52
2026-06-02,HOM-3004,51
2026-06-03,HOM-3004,50
2026-06-04,HOM-3004,47
2026-06-05,HOM-3004,60
2026-06-06,HOM-3004,53
2026-06-07,HOM-3004,61
2026-06-08,HOM-3004,45
2026-06-09,HOM-3004,56
2026-06-10,HOM-3004,58
2026-06-11,HOM-3004,48
2026-06-12,HOM-3004,56
2026-06-13,HOM-3004,64
2026-06-14,HOM-3004,132
2026-06-15,HOM-3004,58
2026-06-16,HOM-3004,51
2026-06-17,HOM-3004,53
2026-06-18,HOM-3004,58
2026-06-19,HOM-3004,64
2026-06-20,HOM-3004,65
2026-06-21,HOM-3004,57
2026-06-22,HOM-3004,55
2026-06-23,HOM-3004,52
2026-06-24,HOM-3004,48
2026-06-25,HOM-3004,46
2026-06-26,HOM-3004,60
2026-06-27,HOM-3004,58
2026-06-28,HOM-3004,64
2026-06-29,HOM-3004,58
2026-06-30,HOM-3004,62
2026-07-01,HOM-3004,51
2026-04-03,HOM-3005,31
2026-04-04,HOM-3005,39
2026-04-05,HOM-3005,28
2026-04-06,HOM-3005,24
2026-04-07,HOM-3005,40
2026-04-08,HOM-3005,26
2026-04-09,HOM-3005,20
2026-04-10,HOM-3005,27
2026-04-11,HOM-3005,30
2026-04-12,HOM-3005,24
2026-04-13,HOM-3005,36
2026-04-14,HOM-3005,31
2026-04-15,HOM-3005,23
2026-04-16,HOM-3005,27
2026-04-17,HOM-3005,31
2026-04-18,HOM-3005,39
2026-04-19,HOM-3005,40
2026-04-20,HOM-3005,27
2026-04-21,HOM-3005,32
2026-04-22,HOM-3005,77
2026-04-23,HOM-3005,32
2026-04-24,HOM-3005,20
2026-04-25,HOM-3005,27
2026-04-26,HOM-3005,32
2026-04-27,HOM-3005,25
2026-04-28,HOM-3005,24
2026-04-29,HOM-3005,26
2026-04-30,HOM-3005,51
2026-05-01,HOM-3005,31
2026-05-02,HOM-3005,20
2026-05-03,HOM-3005,32
2026-05-04,HOM-3005,25
2026-05-05,HOM-3005,30
2026-05-06,HOM-3005,33
2026-05-07,HOM-3005,34
2026-05-08,HOM-3005,25
2026-05-09,HOM-3005,22
2026-05-10,HOM-3005,31
2026-05-11,HOM-3005,36
2026-05-12,HOM-3005,21
2026-05-13,HOM-3005,12
2026-05-14,HOM-3005,31
2026-05-15,HOM-3005,45
2026-05-16,HOM-3005,40
2026-05-17,HOM-3005,33
2026-05-18,HOM-3005,69
2026-05-19,HOM-3005,31
2026-05-20,HOM-3005,37
2026-05-21,HOM-3005,34
2026-05-22,HOM-3005,25
2026-05-23,HOM-3005,36
2026-05-24,HOM-3005,28
2026-05-25,HOM-3005,29
2026-05-26,HOM-3005,22
2026-05-27,HOM-3005,34
2026-05-28,HOM-3005,22
2026-05-29,HOM-3005,36
2026-05-30,HOM-3005,35
2026-05-31,HOM-3005,28
2026-06-01,HOM-3005,33
2026-06-02,HOM-3005,25
2026-06-03,HOM-3005,30
2026-06-04,HOM-3005,24
2026-06-05,HOM-3005,23
2026-06-06,HOM-3005,40
2026-06-07,HOM-3005,32
2026-06-08,HOM-3005,22
2026-06-09,HOM-3005,32
2026-06-10,HOM-3005,30
2026-06-11,HOM-3005,33
2026-06-12,HOM-3005,33
2026-06-13,HOM-3005,29
2026-06-14,HOM-3005,69
2026-06-15,HOM-3005,34
2026-06-16,HOM-3005,37
2026-06-17,HOM-3005,22
2026-06-18,HOM-3005,30
2026-06-19,HOM-3005,29
2026-06-20,HOM-3005,30
2026-06-21,HOM-3005,32
2026-06-22,HOM-3005,33
2026-06-23,HOM-3005,30
2026-06-24,HOM-3005,37
2026-06-25,HOM-3005,32
2026-06-26,HOM-3005,38
2026-06-27,HOM-3005,32
2026-06-28,HOM-3005,24
2026-06-29,HOM-3005,32
2026-06-30,HOM-3005,23
2026-07-01,HOM-3005,34
2026-04-03,HOM-3006,16
2026-04-04,HOM-3006,20
2026-04-05,HOM-3006,19
2026-04-06,HOM-3006,9
2026-04-07,HOM-3006,16
2026-04-08,HOM-3006,17
2026-04-09,HOM-3006,19
2026-04-10,HOM-3006,14
2026-04-11,HOM-3006,13
2026-04-12,HOM-3006,19
2026-04-13,HOM-3006,19
2026-04-14,HOM-3006,18
2026-04-15,HOM-3006,20
2026-04-16,HOM-3006,23
2026-04-17,HOM-3006,13
2026-04-18,HOM-3006,19
2026-04-19,HOM-3006,25
2026-04-20,HOM-3006,23
2026-04-21,HOM-3006,21
2026-04-22,HOM-3006,45
2026-04-23,HOM-3006,13
2026-04-24,HOM-3006,17
2026-04-25,HOM-3006,20
2026-04-26,HOM-3006,31
2026-04-27,HOM-3006,19
2026-04-28,HOM-3006,24
2026-04-29,HOM-3006,22
2026-04-30,HOM-3006,29
2026-05-01,HOM-3006,12
2026-05-02,HOM-3006,11
2026-05-03,HOM-3006,17
2026-05-04,HOM-3006,23
2026-05-05,HOM-3006,13
2026-05-06,HOM-3006,14
2026-05-07,HOM-3006,18
2026-05-08,HOM-3006,27
2026-05-09,HOM-3006,17
2026-05-10,HOM-3006,16
2026-05-11,HOM-3006,19
2026-05-12,HOM-3006,14
2026-05-13,HOM-3006,18
2026-05-14,HOM-3006,19
2026-05-15,HOM-3006,37
2026-05-16,HOM-3006,29
2026-05-17,HOM-3006,24
2026-05-18,HOM-3006,40
2026-05-19,HOM-3006,17
2026-05-20,HOM-3006,13
2026-05-21,HOM-3006,18
2026-05-22,HOM-3006,14
2026-05-23,HOM-3006,26
2026-05-24,HOM-3006,20
2026-05-25,HOM-3006,29
2026-05-26,HOM-3006,20
2026-05-27,HOM-3006,19
2026-05-28,HOM-3006,24
2026-05-29,HOM-3006,15
2026-05-30,HOM-3006,22
2026-05-31,HOM-3006,22
2026-06-01,HOM-3006,16
2026-06-02,HOM-3006,17
2026-06-03,HOM-3006,23
2026-06-04,HOM-3006,22
2026-06-05,HOM-3006,28
2026-06-06,HOM-3006,24
2026-06-07,HOM-3006,20
2026-06-08,HOM-3006,27
2026-06-09,HOM-3006,20
2026-06-10,HOM-3006,17
2026-06-11,HOM-3006,21
2026-06-12,HOM-3006,19
2026-06-13,HOM-3006,17
2026-06-14,HOM-3006,44
2026-06-15,HOM-3006,23
2026-06-16,HOM-3006,15
2026-06-17,HOM-3006,16
2026-06-18,HOM-3006,23
2026-06-19,HOM-3006,26
2026-06-20,HOM-3006,27
2026-06-21,HOM-3006,28
2026-06-22,HOM-3006,20
2026-06-23,HOM-3006,25
2026-06-24,HOM-3006,19
2026-06-25,HOM-3006,21
2026-06-26,HOM-3006,15
2026-06-27,HOM-3006,20
2026-06-28,HOM-3006,20
2026-06-29,HOM-3006,18
2026-06-30,HOM-3006,20
2026-07-01,HOM-3006,20
2026-04-03,HOM-3007,36
2026-04-04,HOM-3007,29
2026-04-05,HOM-3007,23
2026-04-06,HOM-3007,22
2026-04-07,HOM-3007,29
2026-04-08,HOM-3007,27
2026-04-09,HOM-3007,32
2026-04-10,HOM-3007,35
2026-04-11,HOM-3007,31
2026-04-12,HOM-3007,42
2026-04-13,HOM-3007,34
2026-04-14,HOM-3007,34
2026-04-15,HOM-3007,25
2026-04-16,HOM-3007,34
2026-04-17,HOM-3007,32
2026-04-18,HOM-3007,50
2026-04-19,HOM-3007,34
2026-04-20,HOM-3007,38
2026-04-21,HOM-3007,29
2026-04-22,HOM-3007,62
2026-04-23,HOM-3007,22
2026-04-24,HOM-3007,32
2026-04-25,HOM-3007,44
2026-04-26,HOM-3007,48
2026-04-27,HOM-3007,21
2026-04-28,HOM-3007,25
2026-04-29,HOM-3007,21
2026-04-30,HOM-3007,64
2026-05-01,HOM-3007,26
2026-05-02,HOM-3007,39
2026-05-03,HOM-3007,30
2026-05-04,HOM-3007,28
2026-05-05,HOM-3007,30
2026-05-06,HOM-3007,23
2026-05-07,HOM-3007,23
2026-05-08,HOM-3007,18
2026-05-09,HOM-3007,33
2026-05-10,HOM-3007,42
2026-05-11,HOM-3007,18
2026-05-12,HOM-3007,33
2026-05-13,HOM-3007,35
2026-05-14,HOM-3007,44
2026-05-15,HOM-3007,66
2026-05-16,HOM-3007,41
2026-05-17,HOM-3007,43
2026-05-18,HOM-3007,54
2026-05-19,HOM-3007,29
2026-05-20,HOM-3007,23
2026-05-21,HOM-3007,31
2026-05-22,HOM-3007,32
2026-05-23,HOM-3007,43
2026-05-24,HOM-3007,42
2026-05-25,HOM-3007,37
2026-05-26,HOM-3007,28
2026-05-27,HOM-3007,38
2026-05-28,HOM-3007,41
2026-05-29,HOM-3007,35
2026-05-30,HOM-3007,47
2026-05-31,HOM-3007,55
2026-06-01,HOM-3007,27
2026-06-02,HOM-3007,28
2026-06-03,HOM-3007,30
2026-06-04,HOM-3007,31
2026-06-05,HOM-3007,30
2026-06-06,HOM-3007,59
2026-06-07,HOM-3007,56
2026-06-08,HOM-3007,25
2026-06-09,HOM-3007,35
2026-06-10,HOM-3007,28
2026-06-11,HOM-3007,31
2026-06-12,HOM-3007,29
2026-06-13,HOM-3007,44
2026-06-14,HOM-3007,76
2026-06-15,HOM-3007,32
2026-06-16,HOM-3007,30
2026-06-17,HOM-3007,34
2026-06-18,HOM-3007,22
2026-06-19,HOM-3007,46
2026-06-20,HOM-3007,49
2026-06-21,HOM-3007,38
2026-06-22,HOM-3007,31
2026-06-23,HOM-3007,25
2026-06-24,HOM-3007,36
2026-06-25,HOM-3007,32
2026-06-26,HOM-3007,28
2026-06-27,HOM-3007,36
2026-06-28,HOM-3007,53
2026-06-29,HOM-3007,41
2026-06-30,HOM-3007,43
2026-07-01,HOM-3007,36
2026-04-03,HOM-3008,13
2026-04-04,HOM-3008,23
2026-04-05,HOM-3008,31
2026-04-06,HOM-3008,16
2026-04-07,HOM-3008,20
2026-04-08,HOM-3008,18
2026-04-09,HOM-3008,17
2026-04-10,HOM-3008,23
2026-04-11,HOM-3008,22
2026-04-12,HOM-3008,31
2026-04-13,HOM-3008,19
2026-04-14,HOM-3008,18
2026-04-15,HOM-3008,23
2026-04-16,HOM-3008,20
2026-04-17,HOM-3008,20
2026-04-18,HOM-3008,23
2026-04-19,HOM-3008,25
2026-04-20,HOM-3008,25
2026-04-21,HOM-3008,12
2026-04-22,HOM-3008,38
2026-04-23,HOM-3008,19
2026-04-24,HOM-3008,24
2026-04-25,HOM-3008,25
2026-04-26,HOM-3008,22
2026-04-27,HOM-3008,25
2026-04-28,HOM-3008,25
2026-04-29,HOM-3008,24
2026-04-30,HOM-3008,46
2026-05-01,HOM-3008,20
2026-05-02,HOM-3008,28
2026-05-03,HOM-3008,25
2026-05-04,HOM-3008,18
2026-05-05,HOM-3008,14
2026-05-06,HOM-3008,14
2026-05-07,HOM-3008,24
2026-05-08,HOM-3008,37
2026-05-09,HOM-3008,25
2026-05-10,HOM-3008,34
2026-05-11,HOM-3008,22
2026-05-12,HOM-3008,17
2026-05-13,HOM-3008,23
2026-05-14,HOM-3008,16
2026-05-15,HOM-3008,51
2026-05-16,HOM-3008,34
2026-05-17,HOM-3008,28
2026-05-18,HOM-3008,28
2026-05-19,HOM-3008,29
2026-05-20,HOM-3008,20
2026-05-21,HOM-3008,18
2026-05-22,HOM-3008,23
2026-05-23,HOM-3008,26
2026-05-24,HOM-3008,27
2026-05-25,HOM-3008,27
2026-05-26,HOM-3008,24
2026-05-27,HOM-3008,23
2026-05-28,HOM-3008,18
2026-05-29,HOM-3008,25
2026-05-30,HOM-3008,24
2026-05-31,HOM-3008,26
2026-06-01,HOM-3008,27
2026-06-02,HOM-3008,25
2026-06-03,HOM-3008,21
2026-06-04,HOM-3008,21
2026-06-05,HOM-3008,27
2026-06-06,HOM-3008,32
2026-06-07,HOM-3008,24
2026-06-08,HOM-3008,24
2026-06-09,HOM-3008,26
2026-06-10,HOM-3008,28
2026-06-11,HOM-3008,24
2026-06-12,HOM-3008,28
2026-06-13,HOM-3008,25
2026-06-14,HOM-3008,41
2026-06-15,HOM-3008,16
2026-06-16,HOM-3008,28
2026-06-17,HOM-3008,22
2026-06-18,HOM-3008,22
2026-06-19,HOM-3008,25
2026-06-20,HOM-3008,27
2026-06-21,HOM-3008,31
2026-06-22,HOM-3008,29
2026-06-23,HOM-3008,22
2026-06-24,HOM-3008,33
2026-06-25,HOM-3008,28
2026-06-26,HOM-3008,19
2026-06-27,HOM-3008,33
2026-06-28,HOM-3008,27
2026-06-29,HOM-3008,24
2026-06-30,HOM-3008,24
2026-07-01,HOM-3008,35
2026-04-03,HOM-3009,23
2026-04-04,HOM-3009,23
2026-04-05,HOM-3009,29
2026-04-06,HOM-3009,14
2026-04-07,HOM-3009,14
2026-04-08,HOM-3009,12
2026-04-09,HOM-3009,24
2026-04-10,HOM-3009,21
2026-04-11,HOM-3009,19
2026-04-12,HOM-3009,27
2026-04-13,HOM-3009,28
2026-04-14,HOM-3009,13
2026-04-15,HOM-3009,20
2026-04-16,HOM-3009,22
2026-04-17,HOM-3009,17
2026-04-18,HOM-3009,27
2026-04-19,HOM-3009,29
2026-04-20,HOM-3009,12
2026-04-21,HOM-3009,23
2026-04-22,HOM-3009,37
2026-04-23,HOM-3009,18
2026-04-24,HOM-3009,12
2026-04-25,HOM-3009,26
2026-04-26,HOM-3009,22
2026-04-27,HOM-3009,17
2026-04-28,HOM-3009,21
2026-04-29,HOM-3009,16
2026-04-30,HOM-3009,30
2026-05-01,HOM-3009,12
2026-05-02,HOM-3009,24
2026-05-03,HOM-3009,18
2026-05-04,HOM-3009,19
2026-05-05,HOM-3009,18
2026-05-06,HOM-3009,27
2026-05-07,HOM-3009,20
2026-05-08,HOM-3009,14
2026-05-09,HOM-3009,18
2026-05-10,HOM-3009,31
2026-05-11,HOM-3009,19
2026-05-12,HOM-3009,17
2026-05-13,HOM-3009,21
2026-05-14,HOM-3009,15
2026-05-15,HOM-3009,43
2026-05-16,HOM-3009,26
2026-05-17,HOM-3009,18
2026-05-18,HOM-3009,41
2026-05-19,HOM-3009,19
2026-05-20,HOM-3009,22
2026-05-21,HOM-3009,13
2026-05-22,HOM-3009,27
2026-05-23,HOM-3009,20
2026-05-24,HOM-3009,23
2026-05-25,HOM-3009,23
2026-05-26,HOM-3009,20
2026-05-27,HOM-3009,13
2026-05-28,HOM-3009,13
2026-05-29,HOM-3009,22
2026-05-30,HOM-3009,25
2026-05-31,HOM-3009,24
2026-06-01,HOM-3009,23
2026-06-02,HOM-3009,13
2026-06-03,HOM-3009,14
2026-06-04,HOM-3009,15
2026-06-05,HOM-3009,19
2026-06-06,HOM-3009,28
2026-06-07,HOM-3009,26
2026-06-08,HOM-3009,20
2026-06-09,HOM-3009,26
2026-06-10,HOM-3009,15
2026-06-11,HOM-3009,14
2026-06-12,HOM-3009,15
2026-06-13,HOM-3009,20
2026-06-14,HOM-3009,68
2026-06-15,HOM-3009,19
2026-06-16,HOM-3009,13
2026-06-17,HOM-3009,16
2026-06-18,HOM-3009,20
2026-06-19,HOM-3009,17
2026-06-20,HOM-3009,28
2026-06-21,HOM-3009,32
2026-06-22,HOM-3009,29
2026-06-23,HOM-3009,13
2026-06-24,HOM-3009,11
2026-06-25,HOM-3009,16
2026-06-26,HOM-3009,21
2026-06-27,HOM-3009,22
2026-06-28,HOM-3009,31
2026-06-29,HOM-3009,28
2026-06-30,HOM-3009,16
2026-07-01,HOM-3009,15
2026-04-03,HOM-3010,27
2026-04-04,HOM-3010,41
2026-04-05,HOM-3010,32
2026-04-06,HOM-3010,14
2026-04-07,HOM-3010,41
2026-04-08,HOM-3010,24
2026-04-09,HOM-3010,33
2026-04-10,HOM-3010,40
2026-04-11,HOM-3010,48
2026-04-12,HOM-3010,47
2026-04-13,HOM-3010,37
2026-04-14,HOM-3010,32
2026-04-15,HOM-3010,33
2026-04-16,HOM-3010,35
2026-04-17,HOM-3010,33
2026-04-18,HOM-3010,35
2026-04-19,HOM-3010,32
2026-04-20,HOM-3010,30
2026-04-21,HOM-3010,34
2026-04-22,HOM-3010,67
2026-04-23,HOM-3010,27
2026-04-24,HOM-3010,35
2026-04-25,HOM-3010,35
2026-04-26,HOM-3010,37
2026-04-27,HOM-3010,40
2026-04-28,HOM-3010,31
2026-04-29,HOM-3010,40
2026-04-30,HOM-3010,62
2026-05-01,HOM-3010,30
2026-05-02,HOM-3010,45
2026-05-03,HOM-3010,39
2026-05-04,HOM-3010,43
2026-05-05,HOM-3010,39
2026-05-06,HOM-3010,37
2026-05-07,HOM-3010,41
2026-05-08,HOM-3010,37
2026-05-09,HOM-3010,35
2026-05-10,HOM-3010,38
2026-05-11,HOM-3010,31
2026-05-12,HOM-3010,37
2026-05-13,HOM-3010,38
2026-05-14,HOM-3010,34
2026-05-15,HOM-3010,65
2026-05-16,HOM-3010,36
2026-05-17,HOM-3010,43
2026-05-18,HOM-3010,93
2026-05-19,HOM-3010,28
2026-05-20,HOM-3010,28
2026-05-21,HOM-3010,37
2026-05-22,HOM-3010,34
2026-05-23,HOM-3010,55
2026-05-24,HOM-3010,36
2026-05-25,HOM-3010,50
2026-05-26,HOM-3010,38
2026-05-27,HOM-3010,34
2026-05-28,HOM-3010,27
2026-05-29,HOM-3010,34
2026-05-30,HOM-3010,39
2026-05-31,HOM-3010,23
2026-06-01,HOM-3010,39
2026-06-02,HOM-3010,45
2026-06-03,HOM-3010,30
2026-06-04,HOM-3010,33
2026-06-05,HOM-3010,35
2026-06-06,HOM-3010,52
2026-06-07,HOM-3010,44
2026-06-08,HOM-3010,26
2026-06-09,HOM-3010,42
2026-06-10,HOM-3010,41
2026-06-11,HOM-3010,27
2026-06-12,HOM-3010,34
2026-06-13,HOM-3010,38
2026-06-14,HOM-3010,89
2026-06-15,HOM-3010,26
2026-06-16,HOM-3010,38
2026-06-17,HOM-3010,32
2026-06-18,HOM-3010,52
2026-06-19,HOM-3010,32
2026-06-20,HOM-3010,42
2026-06-21,HOM-3010,34
2026-06-22,HOM-3010,48
2026-06-23,HOM-3010,37
2026-06-24,HOM-3010,27
2026-06-25,HOM-3010,36
2026-06-26,HOM-3010,41
2026-06-27,HOM-3010,38
2026-06-28,HOM-3010,42
2026-06-29,HOM-3010,31
2026-06-30,HOM-3010,37
2026-07-01,HOM-3010,40
2026-04-03,HOM-3011,13
2026-04-04,HOM-3011,30
2026-04-05,HOM-3011,15
2026-04-06,HOM-3011,13
2026-04-07,HOM-3011,18
2026-04-08,HOM-3011,12
2026-04-09,HOM-3011,13
2026-04-10,HOM-3011,19
2026-04-11,HOM-3011,17
2026-04-12,HOM-3011,23
2026-04-13,HOM-3011,17
2026-04-14,HOM-3011,23
2026-04-15,HOM-3011,14
2026-04-16,HOM-3011,21
2026-04-17,HOM-3011,17
2026-04-18,HOM-3011,19
2026-04-19,HOM-3011,17
2026-04-20,HOM-3011,14
2026-04-21,HOM-3011,21
2026-04-22,HOM-3011,42
2026-04-23,HOM-3011,17
2026-04-24,HOM-3011,20
2026-04-25,HOM-3011,17
2026-04-26,HOM-3011,18
2026-04-27,HOM-3011,19
2026-04-28,HOM-3011,24
2026-04-29,HOM-3011,21
2026-04-30,HOM-3011,28
2026-05-01,HOM-3011,16
2026-05-02,HOM-3011,20
2026-05-03,HOM-3011,21
2026-05-04,HOM-3011,25
2026-05-05,HOM-3011,9
2026-05-06,HOM-3011,15
2026-05-07,HOM-3011,14
2026-05-08,HOM-3011,17
2026-05-09,HOM-3011,10
2026-05-10,HOM-3011,19
2026-05-11,HOM-3011,15
2026-05-12,HOM-3011,10
2026-05-13,HOM-3011,14
2026-05-14,HOM-3011,14
2026-05-15,HOM-3011,29
2026-05-16,HOM-3011,18
2026-05-17,HOM-3011,17
2026-05-18,HOM-3011,36
2026-05-19,HOM-3011,17
2026-05-20,HOM-3011,16
2026-05-21,HOM-3011,17
2026-05-22,HOM-3011,7
2026-05-23,HOM-3011,23
2026-05-24,HOM-3011,21
2026-05-25,HOM-3011,16
2026-05-26,HOM-3011,11
2026-05-27,HOM-3011,14
2026-05-28,HOM-3011,19
2026-05-29,HOM-3011,14
2026-05-30,HOM-3011,12
2026-05-31,HOM-3011,15
2026-06-01,HOM-3011,12
2026-06-02,HOM-3011,17
2026-06-03,HOM-3011,16
2026-06-04,HOM-3011,14
2026-06-05,HOM-3011,17
2026-06-06,HOM-3011,14
2026-06-07,HOM-3011,23
2026-06-08,HOM-3011,11
2026-06-09,HOM-3011,17
2026-06-10,HOM-3011,17
2026-06-11,HOM-3011,18
2026-06-12,HOM-3011,11
2026-06-13,HOM-3011,10
2026-06-14,HOM-3011,33
2026-06-15,HOM-3011,19
2026-06-16,HOM-3011,17
2026-06-17,HOM-3011,9
2026-06-18,HOM-3011,18
2026-06-19,HOM-3011,18
2026-06-20,HOM-3011,13
2026-06-21,HOM-3011,17
2026-06-22,HOM-3011,9
2026-06-23,HOM-3011,9
2026-06-24,HOM-3011,24
2026-06-25,HOM-3011,16
2026-06-26,HOM-3011,12
2026-06-27,HOM-3011,18
2026-06-28,HOM-3011,13
2026-06-29,HOM-3011,14
2026-06-30,HOM-3011,9
2026-07-01,HOM-3011,17
2026-04-03,HOM-3012,24
2026-04-04,HOM-3012,40
2026-04-05,HOM-3012,34
2026-04-06,HOM-3012,35
2026-04-07,HOM-3012,30
2026-04-08,HOM-3012,33
2026-04-09,HOM-3012,23
2026-04-10,HOM-3012,29
2026-04-11,HOM-3012,45
2026-04-12,HOM-3012,26
2026-04-13,HOM-3012,33
2026-04-14,HOM-3012,27
2026-04-15,HOM-3012,35
2026-04-16,HOM-3012,27
2026-04-17,HOM-3012,23
2026-04-18,HOM-3012,41
2026-04-19,HOM-3012,39
2026-04-20,HOM-3012,29
2026-04-21,HOM-3012,22
2026-04-22,HOM-3012,62
2026-04-23,HOM-3012,36
2026-04-24,HOM-3012,29
2026-04-25,HOM-3012,41
2026-04-26,HOM-3012,33
2026-04-27,HOM-3012,39
2026-04-28,HOM-3012,24
2026-04-29,HOM-3012,39
2026-04-30,HOM-3012,82
2026-05-01,HOM-3012,28
2026-05-02,HOM-3012,26
2026-05-03,HOM-3012,36
2026-05-04,HOM-3012,28
2026-05-05,HOM-3012,37
2026-05-06,HOM-3012,32
2026-05-07,HOM-3012,30
2026-05-08,HOM-3012,24
2026-05-09,HOM-3012,38
2026-05-10,HOM-3012,41
2026-05-11,HOM-3012,23
2026-05-12,HOM-3012,25
2026-05-13,HOM-3012,35
2026-05-14,HOM-3012,36
2026-05-15,HOM-3012,74
2026-05-16,HOM-3012,29
2026-05-17,HOM-3012,45
2026-05-18,HOM-3012,65
2026-05-19,HOM-3012,31
2026-05-20,HOM-3012,28
2026-05-21,HOM-3012,29
2026-05-22,HOM-3012,22
2026-05-23,HOM-3012,30
2026-05-24,HOM-3012,35
2026-05-25,HOM-3012,45
2026-05-26,HOM-3012,27
2026-05-27,HOM-3012,26
2026-05-28,HOM-3012,31
2026-05-29,HOM-3012,28
2026-05-30,HOM-3012,46
2026-05-31,HOM-3012,39
2026-06-01,HOM-3012,27
2026-06-02,HOM-3012,24
2026-06-03,HOM-3012,30
2026-06-04,HOM-3012,29
2026-06-05,HOM-3012,33
2026-06-06,HOM-3012,35
2026-06-07,HOM-3012,30
2026-06-08,HOM-3012,32
2026-06-09,HOM-3012,28
2026-06-10,HOM-3012,34
2026-06-11,HOM-3012,29
2026-06-12,HOM-3012,28
2026-06-13,HOM-3012,44
2026-06-14,HOM-3012,74
2026-06-15,HOM-3012,33
2026-06-16,HOM-3012,32
2026-06-17,HOM-3012,27
2026-06-18,HOM-3012,17
2026-06-19,HOM-3012,25
2026-06-20,HOM-3012,45
2026-06-21,HOM-3012,38
2026-06-22,HOM-3012,23
2026-06-23,HOM-3012,29
2026-06-24,HOM-3012,39
2026-06-25,HOM-3012,34
2026-06-26,HOM-3012,31
2026-06-27,HOM-3012,40
2026-06-28,HOM-3012,28
2026-06-29,HOM-3012,30
2026-06-30,HOM-3012,27
2026-07-01,HOM-3012,16
